ID	Year	Run	Farm	Niche	Animal	Sample-time	Pig_Age	Health_status	Country	Treatment	State
EJ11	2015	FOURTHa	EJ	nasal	pig	3-4 weeks	22	Glasser	Spain	antibiotic	Disease
EJ19	2015	FOURTHa	EJ	nasal	pig	3-4 weeks	22	Glasser	Spain	antibiotic	Disease
EJ25	2015	FOURTHa	EJ	nasal	pig	3-4 weeks	22	Glasser	Spain	antibiotic	Disease
EJ7	2015	FOURTHa	EJ	nasal	pig	3-4 weeks	22	Glasser	Spain	antibiotic	Disease
EJ5	2015	FOURTHa	EJ	nasal	pig	3-4 weeks	22	Glasser	Spain	antibiotic	Disease
GM5	2015	FIFTH	GM	nasal	pig	3-4 weeks	22	Healthy	Spain	antibiotic	Healthy
GM4	2015	FIFTH	GM	nasal	pig	3-4 weeks	22	Healthy	Spain	antibiotic	Healthy
GM3	2015	FIFTH	GM	nasal	pig	3-4 weeks	22	Healthy	Spain	antibiotic	Healthy
GM2	2015	FIFTH	GM	nasal	pig	3-4 weeks	22	Healthy	Spain	antibiotic	Healthy
GM1	2015	FIFTH	GM	nasal	pig	3-4 weeks	22	Healthy	Spain	antibiotic	Healthy
GM10	2015	SIXTH	GM	nasal	pig	3-4 weeks	22	Healthy	Spain	antibiotic	Healthy
GM8	2015	SIXTH	GM	nasal	pig	3-4 weeks	22	Healthy	Spain	antibiotic	Healthy
GM9	2015	SIXTH	GM	nasal	pig	3-4 weeks	22	Healthy	Spain	antibiotic	Healthy
GM6	2015	SIXTH	GM	nasal	pig	3-4 weeks	22	Healthy	Spain	antibiotic	Healthy
GM7	2015	SIXTH	GM	nasal	pig	3-4 weeks	22	Healthy	Spain	antibiotic	Healthy
GW-3	2015	SECOND	GW	nasal	pig	3-4 weeks	22	Healthy	UK	antibiotic	Healthy
GW-4	2015	SECOND	GW	nasal	pig	3-4 weeks	22	Healthy	UK	antibiotic	Healthy
GW-5	2015	SECOND	GW	nasal	pig	3-4 weeks	22	Healthy	UK	antibiotic	Healthy
GW-6	2015	SECOND	GW	nasal	pig	3-4 weeks	22	Healthy	UK	antibiotic	Healthy
GW-7	2015	SECOND	GW	nasal	pig	3-4 weeks	22	Healthy	UK	antibiotic	Healthy
GW-8	2015	SECOND	GW	nasal	pig	3-4 weeks	22	Healthy	UK	antibiotic	Healthy
GW-9	2015	SECOND	GW	nasal	pig	3-4 weeks	22	Healthy	UK	antibiotic	Healthy
GW-10	2015	SECOND	GW	nasal	pig	3-4 weeks	22	Healthy	UK	antibiotic	Healthy
KD1	2015	SECOND	KD	nasal	pig	3-4 weeks	22	Healthy	UK	noant	Healthy
KD3	2015	SECOND	KD	nasal	pig	3-4 weeks	22	Healthy	UK	noant	Healthy
KD5	2015	SECOND	KD	nasal	pig	3-4 weeks	22	Healthy	UK	noant	Healthy
KD7	2015	SECOND	KD	nasal	pig	3-4 weeks	22	Healthy	UK	noant	Healthy
KD9	2015	SECOND	KD	nasal	pig	3-4 weeks	22	Healthy	UK	noant	Healthy
LG1	2015	FOURTHa	LG	nasal	pig	3-4 weeks	22	Healthy	UK	noant	Healthy
LG3	2015	FOURTHa	LG	nasal	pig	3-4 weeks	22	Healthy	UK	noant	Healthy
LG5	2015	FOURTHa	LG	nasal	pig	3-4 weeks	22	Healthy	UK	noant	Healthy
LG7	2015	FOURTHa	LG	nasal	pig	3-4 weeks	22	Healthy	UK	noant	Healthy
LG9	2015	FOURTHa	LG	nasal	pig	3-4 weeks	22	Healthy	UK	noant	Healthy
MC6095	2015	SIXTH	MC	nasal	pig	3-4 weeks	22	Glasser	Spain	antibiotic	Disease
MC6062	2015	SIXTH	MC	nasal	pig	3-4 weeks	22	Glasser	Spain	antibiotic	Disease
MC6081	2015	SIXTH	MC	nasal	pig	3-4 weeks	22	Glasser	Spain	antibiotic	Disease
MC6094	2015	SIXTH	MC	nasal	pig	3-4 weeks	22	Glasser	Spain	antibiotic	Disease
MC2035	2015	SIXTH	MC	nasal	pig	3-4 weeks	22	Glasser	Spain	antibiotic	Disease
MC2029	2015	SIXTH	MC	nasal	pig	3-4 weeks	22	Glasser	Spain	antibiotic	Disease
MC6060	2015	SIXTH	MC	nasal	pig	3-4 weeks	22	Glasser	Spain	antibiotic	Disease
MC2023	2015	SIXTH	MC	nasal	pig	3-4 weeks	22	Glasser	Spain	antibiotic	Disease
MC2038	2015	SIXTH	MC	nasal	pig	3-4 weeks	22	Glasser	Spain	antibiotic	Disease
MC1518	2015	SIXTH	MC	nasal	pig	3-4 weeks	22	Glasser	Spain	antibiotic	Disease
MTT7	2015	FOURTHb	MT	nasal	pig	3-4 weeks	22	Glasser	Spain	antibiotic	Disease
MTT9	2015	FOURTHb	MT	nasal	pig	3-4 weeks	22	Glasser	Spain	antibiotic	Disease
MT251	2015	FOURTHb	MT	nasal	pig	3-4 weeks	22	Glasser	Spain	antibiotic	Disease
MTT5	2015	FOURTHb	MT	nasal	pig	3-4 weeks	22	Glasser	Spain	antibiotic	Disease
MT225	2015	FOURTHb	MT	nasal	pig	3-4 weeks	22	Glasser	Spain	antibiotic	Disease
MT257	2015	FOURTHb	MT	nasal	pig	3-4 weeks	22	Glasser	Spain	antibiotic	Disease
PRAT11	2015	FIFTH	PT	nasal	pig	3-4 weeks	22	Healthy	Spain	antibiotic	Healthy
PRAT9	2015	FIFTH	PT	nasal	pig	3-4 weeks	22	Healthy	Spain	antibiotic	Healthy
PRAT7	2015	FIFTH	PT	nasal	pig	3-4 weeks	22	Healthy	Spain	antibiotic	Healthy
PRAT8	2015	FIFTH	PT	nasal	pig	3-4 weeks	22	Healthy	Spain	antibiotic	Healthy
PRAT6	2015	FIFTH	PT	nasal	pig	3-4 weeks	22	Healthy	Spain	antibiotic	Healthy
VL1	2015	FOURTHb	VL	nasal	pig	3-4 weeks	22	Healthy	Spain	antibiotic	Healthy
VL3	2015	FOURTHb	VL	nasal	pig	3-4 weeks	22	Healthy	Spain	antibiotic	Healthy
VL5	2015	FOURTHb	VL	nasal	pig	3-4 weeks	22	Healthy	Spain	antibiotic	Healthy
VL7	2015	FOURTHb	VL	nasal	pig	3-4 weeks	22	Healthy	Spain	antibiotic	Healthy
VL9	2015	FOURTHb	VL	nasal	pig	3-4 weeks	22	Healthy	Spain	antibiotic	Healthy
MC6100	2016	APRIL	MC	nasal	pig	3-4 weeks	22	Healthy	Spain	noant	Healthy
MC6197	2016	APRIL	MC	nasal	pig	3-4 weeks	22	Healthy	Spain	noant	Healthy
MC6099	2016	APRIL	MC	nasal	pig	3-4 weeks	22	Healthy	Spain	noant	Healthy
MC4600	2016	APRIL	MC	nasal	pig	3-4 weeks	22	Healthy	Spain	noant	Healthy
MC4594	2016	APRIL	MC	nasal	pig	3-4 weeks	22	Healthy	Spain	noant	Healthy
MC1705	2016	APRIL	MC	nasal	pig	3-4 weeks	22	Healthy	Spain	noant	Healthy
MC1704	2016	APRIL	MC	nasal	pig	3-4 weeks	22	Healthy	Spain	noant	Healthy
MC1703	2016	APRIL	MC	nasal	pig	3-4 weeks	22	Healthy	Spain	noant	Healthy
MC1701	2016	APRIL	MC	nasal	pig	3-4 weeks	22	Healthy	Spain	noant	Healthy
MC1702	2016	APRIL	MC	nasal	pig	3-4 weeks	22	Healthy	Spain	noant	Healthy
MT1	2016	APRIL	MT	nasal	pig	3-4 weeks	22	Healthy	Spain	noant	Healthy
MT2	2016	APRIL	MT	nasal	pig	3-4 weeks	22	Healthy	Spain	noant	Healthy
MT3	2016	APRIL	MT	nasal	pig	3-4 weeks	22	Healthy	Spain	noant	Healthy
MT5	2016	APRIL	MT	nasal	pig	3-4 weeks	22	Healthy	Spain	noant	Healthy
MT6	2016	APRIL	MT	nasal	pig	3-4 weeks	22	Healthy	Spain	noant	Healthy
MT7	2016	APRIL	MT	nasal	pig	3-4 weeks	22	Healthy	Spain	noant	Healthy
MT8	2016	APRIL	MT	nasal	pig	3-4 weeks	22	Healthy	Spain	noant	Healthy
MT9	2016	APRIL	MT	nasal	pig	3-4 weeks	22	Healthy	Spain	noant	Healthy
MG-1	2018	MAYO-AB	MT	nasal	pig	3-4 weeks	22	Healthy	Spain	noant	Healthy
MG-10	2018	MAYO-AB	MT	nasal	pig	3-4 weeks	22	Healthy	Spain	noant	Healthy
MG-13	2018	MAYO-AB	MT	nasal	pig	3-4 weeks	22	Healthy	Spain	noant	Healthy
MG-14	2018	MAYO-AB	MT	nasal	pig	3-4 weeks	22	Healthy	Spain	noant	Healthy
MG-15	2018	MAYO-AB	MT	nasal	pig	3-4 weeks	22	Healthy	Spain	noant	Healthy
MG-16	2018	MAYO-AB	MT	nasal	pig	3-4 weeks	22	Healthy	Spain	noant	Healthy
MG-2	2018	MAYO-AB	MT	nasal	pig	3-4 weeks	22	Healthy	Spain	noant	Healthy
MG-20	2018	MAYO-AB	MT	nasal	pig	3-4 weeks	22	Healthy	Spain	noant	Healthy
MG-5	2018	MAYO-AB	MT	nasal	pig	3-4 weeks	22	Healthy	Spain	noant	Healthy
MG-6	2018	MAYO-AB	MT	nasal	pig	3-4 weeks	22	Healthy	Spain	noant	Healthy
MG-9	2018	MAYO-AB	MT	nasal	pig	3-4 weeks	22	Healthy	Spain	noant	Healthy
MGT-19	2018	MAYO-AB	MT	nasal	pig	3-4 weeks	22	Healthy	Spain	noant	Healthy
C12-D15	2018	ENERO18_PROBIOTICS-RUN1	P3	nasal	pig	D15	15	Healthy	Spain	noant	Healthy
C8-D15	2018	ENERO18_PROBIOTICS-RUN1	P3	nasal	pig	D15	15	Healthy	Spain	noant	Healthy
D5-D15	2018	ENERO18_PROBIOTICS-RUN1	P3	nasal	pig	D15	15	Healthy	Spain	noant	Healthy
C13-D15	2018	ENERO18_PROBIOTICS-RUN2	P3	nasal	pig	D15	15	Healthy	Spain	noant	Healthy
C9-D15	2018	ENERO18_PROBIOTICS-RUN2	P3	nasal	pig	D15	15	Healthy	Spain	noant	Healthy
D1-D15	2018	ENERO18_PROBIOTICS-RUN2	P3	nasal	pig	D15	15	Healthy	Spain	noant	Healthy
D6-D15	2018	ENERO18_PROBIOTICS-RUN2	P3	nasal	pig	D15	15	Healthy	Spain	noant	Healthy
C10-D15	2018	ENERO18_PROBIOTICS-RUN3	P3	nasal	pig	D15	15	Healthy	Spain	noant	Healthy
C14-D15	2018	ENERO18_PROBIOTICS-RUN3	P3	nasal	pig	D15	15	Healthy	Spain	noant	Healthy
D2-D15	2018	ENERO18_PROBIOTICS-RUN3	P3	nasal	pig	D15	15	Healthy	Spain	noant	Healthy
112L	2020	LOURDES-nasal-IBB	farm-ASN	nasal	pig	21	22	Healthy	Spain	noant	Healthy
111L	2020	LOURDES-nasal-IBB	farm-ASN	nasal	pig	21	22	Healthy	Spain	noant	Healthy
114L	2020	LOURDES-nasal-IBB	farm-ASN	nasal	pig	21	22	Healthy	Spain	noant	Healthy
204	2020	LOURDES-nasal-IBB	farm-ASN	nasal	pig	21	22	Healthy	Spain	noant	Healthy
369	2020	LOURDES-nasal-IBB	farm-ASN	nasal	pig	21	22	Healthy	Spain	noant	Healthy
400	2020	LOURDES-nasal-IBB	farm-ASN	nasal	pig	21	22	Healthy	Spain	noant	Healthy
405	2020	LOURDES-nasal-IBB	farm-ASN	nasal	pig	21	22	Healthy	Spain	noant	Healthy
455	2020	LOURDES-nasal-IBB	farm-ASN	nasal	pig	21	22	Healthy	Spain	noant	Healthy
456	2020	LOURDES-nasal-IBB	farm-ASN	nasal	pig	21	22	Healthy	Spain	noant	Healthy
556	2020	LOURDES-nasal-IBB	farm-ASN	nasal	pig	21	22	Healthy	Spain	noant	Healthy
557	2020	LOURDES-nasal-IBB	farm-ASN	nasal	pig	21	22	Healthy	Spain	noant	Healthy
570	2020	LOURDES-nasal-IBB	farm-ASN	nasal	pig	21	22	Healthy	Spain	noant	Healthy
571	2020	LOURDES-nasal-IBB	farm-ASN	nasal	pig	21	22	Healthy	Spain	noant	Healthy
639	2020	LOURDES-nasal-IBB	farm-ASN	nasal	pig	21	22	Healthy	Spain	noant	Healthy
642	2020	LOURDES-nasal-IBB	farm-ASN	nasal	pig	21	22	Healthy	Spain	noant	Healthy
652	2020	LOURDES-nasal-IBB	farm-ASN	nasal	pig	21	22	Healthy	Spain	noant	Healthy
654	2020	LOURDES-nasal-IBB	farm-ASN	nasal	pig	21	22	Healthy	Spain	noant	Healthy
667	2020	LOURDES-nasal-IBB	farm-ASN	nasal	pig	21	22	Healthy	Spain	noant	Healthy
669	2020	LOURDES-nasal-IBB	farm-ASN	nasal	pig	21	22	Healthy	Spain	noant	Healthy
443N-DNA	2023	vaccin_response_run1	farmG3	nasal	pig	3-4 weeks	22	Healthy	Spain	antibiotic	Healthy
448N-DNA	2023	vaccin_response_run1	farmG3	nasal	pig	3-4 weeks	22	Healthy	Spain	antibiotic	Healthy
452N-DNA	2023	vaccin_response_run1	farmG3	nasal	pig	3-4 weeks	22	Healthy	Spain	antibiotic	Healthy
456N-DNA	2023	vaccin_response_run1	farmG3	nasal	pig	3-4 weeks	22	Healthy	Spain	antibiotic	Healthy
460N-DNA	2023	vaccin_response_run1	farmG3	nasal	pig	3-4 weeks	22	Healthy	Spain	antibiotic	Healthy
464N-DNA	2023	vaccin_response_run1	farmG3	nasal	pig	3-4 weeks	22	Healthy	Spain	antibiotic	Healthy
480N-DNA	2023	vaccin_response_run1	farmG3	nasal	pig	3-4 weeks	22	Healthy	Spain	antibiotic	Healthy
484N-DNA	2023	vaccin_response_run1	farmG3	nasal	pig	3-4 weeks	22	Healthy	Spain	antibiotic	Healthy
577N-DNA	2023	vaccin_response_run1	farmFD2	nasal	pig	3-4 weeks	22	Healthy	Spain	antibiotic	Healthy
578N-DNA	2023	vaccin_response_run1	farmFD2	nasal	pig	3-4 weeks	22	Healthy	Spain	antibiotic	Healthy
579N-DNA	2023	vaccin_response_run1	farmFD2	nasal	pig	3-4 weeks	22	Healthy	Spain	antibiotic	Healthy
580N-DNA	2023	vaccin_response_run1	farmFD2	nasal	pig	3-4 weeks	22	Healthy	Spain	antibiotic	Healthy
581N-DNA	2023	vaccin_response_run1	farmFD2	nasal	pig	3-4 weeks	22	Healthy	Spain	antibiotic	Healthy
583N-DNA	2023	vaccin_response_run1	farmFD2	nasal	pig	3-4 weeks	22	Healthy	Spain	antibiotic	Healthy
584N-DNA	2023	vaccin_response_run1	farmFD2	nasal	pig	3-4 weeks	22	Healthy	Spain	antibiotic	Healthy
585N-DNA	2023	vaccin_response_run1	farmFD2	nasal	pig	3-4 weeks	22	Healthy	Spain	antibiotic	Healthy
682N-DNA	2023	vaccin_response_run1	farmFD1	nasal	pig	3-4 weeks	22	Healthy	Spain	antibiotic	Healthy
683N-DNA	2023	vaccin_response_run1	farmFD1	nasal	pig	3-4 weeks	22	Healthy	Spain	antibiotic	Healthy
684N-DNA	2023	vaccin_response_run1	farmFD1	nasal	pig	3-4 weeks	22	Healthy	Spain	antibiotic	Healthy
687N-DNA	2023	vaccin_response_run1	farmFD1	nasal	pig	3-4 weeks	22	Healthy	Spain	antibiotic	Healthy
689N-DNA	2023	vaccin_response_run1	farmFD1	nasal	pig	3-4 weeks	22	Healthy	Spain	antibiotic	Healthy
690N-DNA	2023	vaccin_response_run1	farmFD1	nasal	pig	3-4 weeks	22	Healthy	Spain	antibiotic	Healthy
691N-DNA	2023	vaccin_response_run1	farmFD1	nasal	pig	3-4 weeks	22	Healthy	Spain	antibiotic	Healthy
694N-DNA	2023	vaccin_response_run1	farmFD1	nasal	pig	3-4 weeks	22	Healthy	Spain	antibiotic	Healthy
DNA1-NS-Deep	2023	fecal_contam_run1	cresa	nasal	pig	3-4 weeks	22	Healthy	Spain	antibiotic	Healthy
DNA1-NS-External	2023	fecal_contam_run1	cresa	nasal	pig	3-4 weeks	22	Healthy	Spain	antibiotic	Healthy
DNA1-NS-Middle	2023	fecal_contam_run1	cresa	nasal	pig	3-4 weeks	22	Healthy	Spain	antibiotic	Healthy
DNA1-NS-Standard	2023	fecal_contam_run1	cresa	nasal	pig	3-4 weeks	22	Healthy	Spain	antibiotic	Healthy
DNA2-NS-Deep	2023	fecal_contam_run1	cresa	nasal	pig	3-4 weeks	22	Healthy	Spain	antibiotic	Healthy
DNA2-NS-External	2023	fecal_contam_run1	cresa	nasal	pig	3-4 weeks	22	Healthy	Spain	antibiotic	Healthy
DNA2-NS-Middle	2023	fecal_contam_run1	cresa	nasal	pig	3-4 weeks	22	Healthy	Spain	antibiotic	Healthy
DNA2-NS-Standard	2023	fecal_contam_run1	cresa	nasal	pig	3-4 weeks	22	Healthy	Spain	antibiotic	Healthy
DNA3-NS-Deep	2023	fecal_contam_run1	cresa	nasal	pig	3-4 weeks	22	Healthy	Spain	antibiotic	Healthy
DNA3-NS-External	2023	fecal_contam_run1	cresa	nasal	pig	3-4 weeks	22	Healthy	Spain	antibiotic	Healthy
DNA3-NS-Middle	2023	fecal_contam_run1	cresa	nasal	pig	3-4 weeks	22	Healthy	Spain	antibiotic	Healthy
DNA3-NS-Standard	2023	fecal_contam_run1	cresa	nasal	pig	3-4 weeks	22	Healthy	Spain	antibiotic	Healthy
DNA4-NS-Deep	2023	fecal_contam_run1	cresa	nasal	pig	3-4 weeks	22	Healthy	Spain	antibiotic	Healthy
DNA4-NS-External	2023	fecal_contam_run1	cresa	nasal	pig	3-4 weeks	22	Healthy	Spain	antibiotic	Healthy
DNA4-NS-Middle	2023	fecal_contam_run1	cresa	nasal	pig	3-4 weeks	22	Healthy	Spain	antibiotic	Healthy
DNA4-NS-Standard	2023	fecal_contam_run1	cresa	nasal	pig	3-4 weeks	22	Healthy	Spain	antibiotic	Healthy
DNA5-NS-Deep	2023	fecal_contam_run1	cresa	nasal	pig	3-4 weeks	22	Healthy	Spain	antibiotic	Healthy
DNA5-NS-External	2023	fecal_contam_run1	cresa	nasal	pig	3-4 weeks	22	Healthy	Spain	antibiotic	Healthy
DNA5-NS-Middle	2023	fecal_contam_run1	cresa	nasal	pig	3-4 weeks	22	Healthy	Spain	antibiotic	Healthy
DNA5-NS-Standard	2023	fecal_contam_run1	cresa	nasal	pig	3-4 weeks	22	Healthy	Spain	antibiotic	Healthy
41	2023	PRRSV_RUN2	PRRSV	nasal	pig	3-4 weeks	22	PRSSV	Spain	antibiotic	Disease
42	2023	PRRSV_RUN2	PRRSV	nasal	pig	3-4 weeks	22	PRSSV	Spain	antibiotic	Disease
61	2023	PRRSV_RUN2	PRRSV	nasal	pig	3-4 weeks	22	PRSSV	Spain	antibiotic	Disease
63	2023	PRRSV_RUN2	PRRSV	nasal	pig	3-4 weeks	22	PRSSV	Spain	antibiotic	Disease
71	2023	PRRSV_RUN2	PRRSV	nasal	pig	3-4 weeks	22	PRSSV	Spain	antibiotic	Disease
72	2023	PRRSV_RUN2	PRRSV	nasal	pig	3-4 weeks	22	PRSSV	Spain	antibiotic	Disease
73	2023	PRRSV_RUN2	PRRSV	nasal	pig	3-4 weeks	22	PRSSV	Spain	antibiotic	Disease
76	2023	PRRSV_RUN2	PRRSV	nasal	pig	3-4 weeks	22	PRSSV	Spain	antibiotic	Disease
90	2023	PRRSV_RUN2	PRRSV	nasal	pig	3-4 weeks	22	PRSSV	Spain	antibiotic	Disease
92	2023	PRRSV_RUN2	PRRSV	nasal	pig	3-4 weeks	22	PRSSV	Spain	antibiotic	Disease
93	2023	PRRSV_RUN2	PRRSV	nasal	pig	3-4 weeks	22	PRSSV	Spain	antibiotic	Disease
94	2023	PRRSV_RUN2	PRRSV	nasal	pig	3-4 weeks	22	PRSSV	Spain	antibiotic	Disease
95	2023	PRRSV_RUN2	PRRSV	nasal	pig	3-4 weeks	22	PRSSV	Spain	antibiotic	Disease
96	2023	PRRSV_RUN2	PRRSV	nasal	pig	3-4 weeks	22	PRSSV	Spain	antibiotic	Disease
101	2023	PRRSV_RUN2	PRRSV	nasal	pig	3-4 weeks	22	PRSSV	Spain	antibiotic	Disease
103	2023	PRRSV_RUN2	PRRSV	nasal	pig	3-4 weeks	22	PRSSV	Spain	antibiotic	Disease
104	2023	PRRSV_RUN2	PRRSV	nasal	pig	3-4 weeks	22	PRSSV	Spain	antibiotic	Disease
105	2023	PRRSV_RUN2	PRRSV	nasal	pig	3-4 weeks	22	PRSSV	Spain	antibiotic	Disease
106	2023	PRRSV_RUN2	PRRSV	nasal	pig	3-4 weeks	22	PRSSV	Spain	antibiotic	Disease
107	2023	PRRSV_RUN2	PRRSV	nasal	pig	3-4 weeks	22	PRSSV	Spain	antibiotic	Disease
108	2023	PRRSV_RUN2	PRRSV	nasal	pig	3-4 weeks	22	PRSSV	Spain	antibiotic	Disease
117	2023	PRRSV_RUN2	PRRSV	nasal	pig	3-4 weeks	22	PRSSV	Spain	antibiotic	Disease
81	2023	PRRSV_RUN1	PRRSV	nasal	pig	3-4 weeks	22	PRSSV	Spain	antibiotic	Disease
82	2023	PRRSV_RUN1	PRRSV	nasal	pig	3-4 weeks	22	PRSSV	Spain	antibiotic	Disease
83	2023	PRRSV_RUN1	PRRSV	nasal	pig	3-4 weeks	22	PRSSV	Spain	antibiotic	Disease
84	2023	PRRSV_RUN1	PRRSV	nasal	pig	3-4 weeks	22	PRSSV	Spain	antibiotic	Disease
85	2023	PRRSV_RUN1	PRRSV	nasal	pig	3-4 weeks	22	PRSSV	Spain	antibiotic	Disease
86	2023	PRRSV_RUN1	PRRSV	nasal	pig	3-4 weeks	22	PRSSV	Spain	antibiotic	Disease
87	2023	PRRSV_RUN1	PRRSV	nasal	pig	3-4 weeks	22	PRSSV	Spain	antibiotic	Disease
88	2023	PRRSV_RUN1	PRRSV	nasal	pig	3-4 weeks	22	PRSSV	Spain	antibiotic	Disease
98	2023	PRRSV_RUN1	PRRSV	nasal	pig	3-4 weeks	22	PRSSV	Spain	antibiotic	Disease
99	2023	PRRSV_RUN1	PRRSV	nasal	pig	3-4 weeks	22	PRSSV	Spain	antibiotic	Disease
100	2023	PRRSV_RUN1	PRRSV	nasal	pig	3-4 weeks	22	PRSSV	Spain	antibiotic	Disease
110	2023	PRRSV_RUN1	PRRSV	nasal	pig	3-4 weeks	22	PRSSV	Spain	antibiotic	Disease
111	2023	PRRSV_RUN1	PRRSV	nasal	pig	3-4 weeks	22	PRSSV	Spain	antibiotic	Disease
112	2023	PRRSV_RUN1	PRRSV	nasal	pig	3-4 weeks	22	PRSSV	Spain	antibiotic	Disease
113	2023	PRRSV_RUN1	PRRSV	nasal	pig	3-4 weeks	22	PRSSV	Spain	antibiotic	Disease
115	2023	PRRSV_RUN1	PRRSV	nasal	pig	3-4 weeks	22	PRSSV	Spain	antibiotic	Disease
116	2023	PRRSV_RUN1	PRRSV	nasal	pig	3-4 weeks	22	PRSSV	Spain	antibiotic	Disease
112-D21	2018	B	BARO	nasal	pig	D21	22	Disease	Spain	noant	Disease
123-D21	2018	A	BARO	nasal	pig	D21	22	Disease	Spain	noant	Disease
129-D21	2018	B	BARO	nasal	pig	D21	22	Disease	Spain	noant	Disease
2714-D21	2018	C	BARO	nasal	pig	D21	22	Disease	Spain	antibiotic	Disease
334-D21	2018	B	BARO	nasal	pig	D21	22	Disease	Spain	noant	Disease
351-D21	2018	B	BARO	nasal	pig	D21	22	Disease	Spain	noant	Disease
358-D21	2018	A	BARO	nasal	pig	D21	22	Disease	Spain	noant	Disease
508-D21	2018	B	BARO	nasal	pig	D21	22	Disease	Spain	noant	Disease
516-D21	2018	B	BARO	nasal	pig	D21	22	Disease	Spain	noant	Disease
554-D21	2018	A	BARO	nasal	pig	D21	22	Disease	Spain	noant	Disease
6-D21	2018	B	BARO	nasal	pig	D21	22	Disease	Spain	noant	Disease
629-D21	2018	B	BARO	nasal	pig	D21	22	Disease	Spain	noant	Disease
75-D21	2018	A	BARO	nasal	pig	D21	22	Disease	Spain	noant	Disease
831-D21	2018	B	BARO	nasal	pig	D21	22	Disease	Spain	noant	Disease
861-D21	2018	B	BARO	nasal	pig	D21	22	Disease	Spain	noant	Disease
889-D21	2018	A	BARO	nasal	pig	D21	22	Disease	Spain	noant	Disease
1-D22	2022	A	IRTA	nasal	pig	22	22	Healthy	Spain	noant	Healthy
10-D22	2022	B	IRTA	nasal	pig	22	22	Healthy	Spain	noant	Healthy
11-D22	2022	B	IRTA	nasal	pig	22	22	Healthy	Spain	antibiotic	Healthy
12-D22	2022	A	IRTA	nasal	pig	22	22	Healthy	Spain	noant	Healthy
13-D22	2022	B	IRTA	nasal	pig	22	22	Healthy	Spain	antibiotic	Healthy
19-D22	2022	B	IRTA	nasal	pig	22	22	Healthy	Spain	noant	Healthy
2-D22	2022	A	IRTA	nasal	pig	22	22	Healthy	Spain	antibiotic	Healthy
2-D22-B	2022	B	IRTA	nasal	pig	22	22	Healthy	Spain	antibiotic	Healthy
20-D22	2022	A	IRTA	nasal	pig	22	22	Healthy	Spain	antibiotic	Healthy
21-D22	2022	B	IRTA	nasal	pig	22	22	Healthy	Spain	antibiotic	Healthy
28-D22	2022	A	IRTA	nasal	pig	22	22	Healthy	Spain	noant	Healthy
29-D22	2022	B	IRTA	nasal	pig	22	22	Healthy	Spain	antibiotic	Healthy
37-D24	2022	A	IRTA	nasal	pig	24	24	Healthy	Spain	noant	Healthy
38-D24	2022	A	IRTA	nasal	pig	24	24	Healthy	Spain	noant	Healthy
39-D24	2022	A	IRTA	nasal	pig	24	24	Healthy	Spain	noant	Healthy
4-D22	2022	A	IRTA	nasal	pig	22	22	Healthy	Spain	noant	Healthy
42-D24	2022	B	IRTA	nasal	pig	24	24	Healthy	Spain	noant	Healthy
43-D24	2022	B	IRTA	nasal	pig	24	24	Healthy	Spain	noant	Healthy
45-D24	2022	B	IRTA	nasal	pig	24	24	Healthy	Spain	noant	Healthy
47-D24	2022	A	IRTA	nasal	pig	24	24	Healthy	Spain	noant	Healthy
48-D24	2022	B	IRTA	nasal	pig	24	24	Healthy	Spain	noant	Healthy
50-D24	2022	B	IRTA	nasal	pig	24	24	Healthy	Spain	noant	Healthy
51-D24	2022	A	IRTA	nasal	pig	24	24	Healthy	Spain	noant	Healthy
54-D24	2022	B	IRTA	nasal	pig	24	24	Healthy	Spain	noant	Healthy
6-D22	2022	A	IRTA	nasal	pig	22	22	Healthy	Spain	antibiotic	Healthy
7-D22	2022	B	IRTA	nasal	pig	22	22	Healthy	Spain	noant	Healthy
GE266	2021	Mhyorhinis_Disease	GE	nasal	pig	3-4 weeks	22	Mycoplasma	Spain	antibiotic	Disease
GE268	2021	Mhyorhinis_Disease	GE	nasal	pig	3-4 weeks	22	Mycoplasma	Spain	antibiotic	Disease
GE272	2021	Mhyorhinis_Disease	GE	nasal	pig	3-4 weeks	22	Mycoplasma	Spain	antibiotic	Disease
GE275	2021	Mhyorhinis_Disease	GE	nasal	pig	3-4 weeks	22	Mycoplasma	Spain	antibiotic	Disease
GE276	2021	Mhyorhinis_Disease	GE	nasal	pig	3-4 weeks	22	Mycoplasma	Spain	antibiotic	Disease
GE278	2021	Mhyorhinis_Disease	GE	nasal	pig	3-4 weeks	22	Mycoplasma	Spain	antibiotic	Disease
GE279	2021	Mhyorhinis_Disease	GE	nasal	pig	3-4 weeks	22	Mycoplasma	Spain	antibiotic	Disease
GE280	2021	Mhyorhinis_Disease	GE	nasal	pig	3-4 weeks	22	Mycoplasma	Spain	antibiotic	Disease
GE281	2021	Mhyorhinis_Disease	GE	nasal	pig	3-4 weeks	22	Mycoplasma	Spain	antibiotic	Disease
GE286	2021	Mhyorhinis_Disease	GE	nasal	pig	3-4 weeks	22	Mycoplasma	Spain	antibiotic	Disease
RM307	2021	Mhyorhinis_Disease	RM	nasal	pig	3-4 weeks	22	Mycoplasma	Spain	antibiotic	Disease
RM315	2021	Mhyorhinis_Disease	RM	nasal	pig	3-4 weeks	22	Mycoplasma	Spain	antibiotic	Disease
RM318	2021	Mhyorhinis_Disease	RM	nasal	pig	3-4 weeks	22	Mycoplasma	Spain	antibiotic	Disease
RM322	2021	Mhyorhinis_Disease	RM	nasal	pig	3-4 weeks	22	Mycoplasma	Spain	antibiotic	Disease
RM326	2021	Mhyorhinis_Disease	RM	nasal	pig	3-4 weeks	22	Mycoplasma	Spain	antibiotic	Disease
RM327	2021	Mhyorhinis_Disease	RM	nasal	pig	3-4 weeks	22	Mycoplasma	Spain	antibiotic	Disease
RM330	2021	Mhyorhinis_Disease	RM	nasal	pig	3-4 weeks	22	Mycoplasma	Spain	antibiotic	Disease
RM334	2021	Mhyorhinis_Disease	RM	nasal	pig	3-4 weeks	22	Mycoplasma	Spain	antibiotic	Disease
RM338	2021	Mhyorhinis_Disease	RM	nasal	pig	3-4 weeks	22	Mycoplasma	Spain	antibiotic	Disease
RM339	2021	Mhyorhinis_Disease	RM	nasal	pig	3-4 weeks	22	Mycoplasma	Spain	antibiotic	Disease
COL-51	2020	2	COL	nasal	pig	3-4 weeks	34	Streptococcus	Spain	noant	Disease
COL-26	2020	3	COL	nasal	pig	3-4 weeks	28	Streptococcus	Spain	noant	Disease
COL-33	2020	2	COL	nasal	pig	3-4 weeks	28	Streptococcus	Spain	noant	Disease
COL-38	2020	1	COL	nasal	pig	3-4 weeks	28	Streptococcus	Spain	noant	Disease
COL-67	2020	2	COL	nasal	pig	3-4 weeks	36	Streptococcus	Spain	noant	Disease
COL-42	2020	2	COL	nasal	pig	3-4 weeks	28	Streptococcus	Spain	noant	Disease
COL-71	2020	3	COL	nasal	pig	3-4 weeks	37	Streptococcus	Spain	noant	Disease
COL-46	2020	1	COL	nasal	pig	3-4 weeks	28	Streptococcus	Spain	noant	Disease
