Sample	Glasserela	Health_status	State	Farm
1-D22	0.00478148050963585	Healthy	Healthy	IRTA
10-D22	0.00787918581746553	Healthy	Healthy	IRTA
11-D22	0	Healthy	Healthy	IRTA
111L	0	Healthy	Healthy	farm-ASN
112L	0	Healthy	Healthy	farm-ASN
114L	0	Healthy	Healthy	farm-ASN
12-D22	0.00485795754567536	Healthy	Healthy	IRTA
13-D22	0	Healthy	Healthy	IRTA
19-D22	0	Healthy	Healthy	IRTA
2-D22	0.00708573032131332	Healthy	Healthy	IRTA
2-D22-B	0.0116488531283776	Healthy	Healthy	IRTA
20-D22	0.00907323395981854	Healthy	Healthy	IRTA
204	0	Healthy	Healthy	farm-ASN
21-D22	0	Healthy	Healthy	IRTA
28-D22	0	Healthy	Healthy	IRTA
29-D22	0	Healthy	Healthy	IRTA
369	0	Healthy	Healthy	farm-ASN
37-D24	0.00898328955882913	Healthy	Healthy	IRTA
38-D24	0.0191997418522104	Healthy	Healthy	IRTA
39-D24	0.00376036866359447	Healthy	Healthy	IRTA
4-D22	0	Healthy	Healthy	IRTA
400	0	Healthy	Healthy	farm-ASN
405	0	Healthy	Healthy	farm-ASN
42-D24	0.0272573601915763	Healthy	Healthy	IRTA
43-D24	0.178885347242345	Healthy	Healthy	IRTA
443N-DNA	0.17423125794155	Healthy	Healthy	farmG3
448N-DNA	0.103757314751124	Healthy	Healthy	farmG3
45-D24	0	Healthy	Healthy	IRTA
452N-DNA	0.0143414043418806	Healthy	Healthy	farmG3
455	0	Healthy	Healthy	farm-ASN
456	0	Healthy	Healthy	farm-ASN
456N-DNA	0.0540806930628866	Healthy	Healthy	farmG3
460N-DNA	0.034845546710213	Healthy	Healthy	farmG3
464N-DNA	0.0229952967699304	Healthy	Healthy	farmG3
47-D24	0.00502997867289043	Healthy	Healthy	IRTA
48-D24	0	Healthy	Healthy	IRTA
480N-DNA	0.0131616669707316	Healthy	Healthy	farmG3
484N-DNA	0.00613854381255592	Healthy	Healthy	farmG3
50-D24	0.0973218051455082	Healthy	Healthy	IRTA
51-D24	0.0549955747861147	Healthy	Healthy	IRTA
54-D24	0.316636851520572	Healthy	Healthy	IRTA
556	0	Healthy	Healthy	farm-ASN
557	0	Healthy	Healthy	farm-ASN
570	0	Healthy	Healthy	farm-ASN
571	0	Healthy	Healthy	farm-ASN
577N-DNA	0.105777605080862	Healthy	Healthy	farmFD2
578N-DNA	0.173585063630275	Healthy	Healthy	farmFD2
579N-DNA	0.00442697537782827	Healthy	Healthy	farmFD2
580N-DNA	0.212059743929819	Healthy	Healthy	farmFD2
581N-DNA	0.244828080229226	Healthy	Healthy	farmFD2
583N-DNA	0.0573674877113016	Healthy	Healthy	farmFD2
584N-DNA	0.110080252354224	Healthy	Healthy	farmFD2
585N-DNA	0.00794338799023676	Healthy	Healthy	farmFD2
6-D22	0.0436086127010085	Healthy	Healthy	IRTA
639	0	Healthy	Healthy	farm-ASN
642	0	Healthy	Healthy	farm-ASN
652	0	Healthy	Healthy	farm-ASN
654	0	Healthy	Healthy	farm-ASN
667	0	Healthy	Healthy	farm-ASN
669	0	Healthy	Healthy	farm-ASN
682N-DNA	0.229385570744167	Healthy	Healthy	farmFD1
683N-DNA	0.213231531159719	Healthy	Healthy	farmFD1
684N-DNA	0.137463235545001	Healthy	Healthy	farmFD1
687N-DNA	0.0734724721683377	Healthy	Healthy	farmFD1
689N-DNA	0.209135605549372	Healthy	Healthy	farmFD1
690N-DNA	0.0373837170944118	Healthy	Healthy	farmFD1
691N-DNA	0.455687571555782	Healthy	Healthy	farmFD1
694N-DNA	0.258201744258335	Healthy	Healthy	farmFD1
7-D22	0	Healthy	Healthy	IRTA
C10-D15	0.000935384957579994	Healthy	Healthy	P3
C12-D15	0	Healthy	Healthy	P3
C13-D15	0	Healthy	Healthy	P3
C14-D15	0.00134749945813755	Healthy	Healthy	P3
C8-D15	0	Healthy	Healthy	P3
C9-D15	0	Healthy	Healthy	P3
D1-D15	0	Healthy	Healthy	P3
D2-D15	0.00195073265889398	Healthy	Healthy	P3
D5-D15	0	Healthy	Healthy	P3
D6-D15	0	Healthy	Healthy	P3
DNA1-NS-Deep	0.0865479029316875	Healthy	Healthy	cresa
DNA1-NS-External	0.00493691716950082	Healthy	Healthy	cresa
DNA1-NS-Middle	0.00642750066739224	Healthy	Healthy	cresa
DNA1-NS-Standard	0.0152582540661624	Healthy	Healthy	cresa
DNA2-NS-Deep	0.0138448226132103	Healthy	Healthy	cresa
DNA2-NS-External	0.00156489256087096	Healthy	Healthy	cresa
DNA2-NS-Middle	0.00985537316165253	Healthy	Healthy	cresa
DNA2-NS-Standard	0.0230821452817379	Healthy	Healthy	cresa
DNA3-NS-Deep	0.0489018716866818	Healthy	Healthy	cresa
DNA3-NS-External	0.000968213372305444	Healthy	Healthy	cresa
DNA3-NS-Middle	0.00926365044737424	Healthy	Healthy	cresa
DNA3-NS-Standard	0.000464144813181713	Healthy	Healthy	cresa
DNA4-NS-Deep	0.0976161548451967	Healthy	Healthy	cresa
DNA4-NS-External	0.000475727962893219	Healthy	Healthy	cresa
DNA4-NS-Middle	0.000888866314506298	Healthy	Healthy	cresa
DNA4-NS-Standard	0	Healthy	Healthy	cresa
DNA5-NS-Deep	0	Healthy	Healthy	cresa
DNA5-NS-External	0.0014262283391571	Healthy	Healthy	cresa
DNA5-NS-Middle	0	Healthy	Healthy	cresa
DNA5-NS-Standard	0.00433909200482121	Healthy	Healthy	cresa
GM1	0.0528118550423669	Healthy	Healthy	GM
GM10	0.0360489770334088	Healthy	Healthy	GM
GM2	0.0218002752819075	Healthy	Healthy	GM
GM3	0.0253584316785331	Healthy	Healthy	GM
GM4	0.0410177505910609	Healthy	Healthy	GM
GM5	0.0186721471716083	Healthy	Healthy	GM
GM6	0.0298176441596846	Healthy	Healthy	GM
GM7	0.0871370585216404	Healthy	Healthy	GM
GM8	0.0614672310457008	Healthy	Healthy	GM
GM9	0.0725060875174501	Healthy	Healthy	GM
GW-10	0.00396062857630882	Healthy	Healthy	GW
GW-3	0.0310632677083988	Healthy	Healthy	GW
GW-4	0.0192709553707627	Healthy	Healthy	GW
GW-5	0.0159641820704363	Healthy	Healthy	GW
GW-6	0.0146218563008953	Healthy	Healthy	GW
GW-7	0.0127195064072141	Healthy	Healthy	GW
GW-8	0.0077164559533521	Healthy	Healthy	GW
GW-9	0.00994576118304711	Healthy	Healthy	GW
KD1	0.0188910696761531	Healthy	Healthy	KD
KD3	0.105906269390396	Healthy	Healthy	KD
KD5	0.0363277418189728	Healthy	Healthy	KD
KD7	0.0122326976425186	Healthy	Healthy	KD
KD9	0.089123126200451	Healthy	Healthy	KD
LG1	0	Healthy	Healthy	LG
LG3	0	Healthy	Healthy	LG
LG5	0	Healthy	Healthy	LG
LG7	0	Healthy	Healthy	LG
LG9	0	Healthy	Healthy	LG
MC1701	0	Healthy	Healthy	MC
MC1702	0	Healthy	Healthy	MC
MC1703	0	Healthy	Healthy	MC
MC1704	0	Healthy	Healthy	MC
MC1705	0	Healthy	Healthy	MC
MC4594	0	Healthy	Healthy	MC
MC4600	0	Healthy	Healthy	MC
MC6099	0	Healthy	Healthy	MC
MC6100	0	Healthy	Healthy	MC
MC6197	0	Healthy	Healthy	MC
MG-1	0.167991081128252	Healthy	Healthy	MT
MG-10	0.145101499034039	Healthy	Healthy	MT
MG-13	0.0678944724820015	Healthy	Healthy	MT
MG-14	0.0872792513895729	Healthy	Healthy	MT
MG-15	0.023342781717984	Healthy	Healthy	MT
MG-16	0.0767007593367426	Healthy	Healthy	MT
MG-2	0.0723863921304957	Healthy	Healthy	MT
MG-20	0.0606119710732642	Healthy	Healthy	MT
MG-5	0.0593398762672886	Healthy	Healthy	MT
MG-6	0.17067840923076	Healthy	Healthy	MT
MG-9	0.0825679506986062	Healthy	Healthy	MT
MGT-19	0.0135659387580822	Healthy	Healthy	MT
MT1	0	Healthy	Healthy	MT
MT2	0	Healthy	Healthy	MT
MT3	0	Healthy	Healthy	MT
MT5	0	Healthy	Healthy	MT
MT6	0	Healthy	Healthy	MT
MT7	0	Healthy	Healthy	MT
MT8	0	Healthy	Healthy	MT
MT9	0	Healthy	Healthy	MT
PRAT11	0.0139501737090596	Healthy	Healthy	PT
PRAT6	0.555229716520039	Healthy	Healthy	PT
PRAT7	0.0186295583965004	Healthy	Healthy	PT
PRAT8	0.175043921031474	Healthy	Healthy	PT
PRAT9	0.187714007729811	Healthy	Healthy	PT
VL1	0	Healthy	Healthy	VL
VL3	0	Healthy	Healthy	VL
VL5	0	Healthy	Healthy	VL
VL7	0	Healthy	Healthy	VL
VL9	0	Healthy	Healthy	VL
100	0.0605145058129263	PRRSV	Disease	PRRSV
101	0.0773987066121156	PRRSV	Disease	PRRSV
103	0.00376467190626483	PRRSV	Disease	PRRSV
104	0.0125103415671906	PRRSV	Disease	PRRSV
105	0.113662514382911	PRRSV	Disease	PRRSV
106	0.0109349408398633	PRRSV	Disease	PRRSV
107	0.0250174969777947	PRRSV	Disease	PRRSV
108	0.0145719918782921	PRRSV	Disease	PRRSV
110	0.0106654617672092	PRRSV	Disease	PRRSV
111	0.134862408293062	PRRSV	Disease	PRRSV
112	0.0480431946658936	PRRSV	Disease	PRRSV
112-D21	0.238290924688334	Disease	Disease	BARO
113	0.0312175767042539	PRRSV	Disease	PRRSV
115	0.0467160974028605	PRRSV	Disease	PRRSV
116	0.022202486678508	PRRSV	Disease	PRRSV
117	0.4453125	PRRSV	Disease	PRRSV
123-D21	0	Disease	Disease	BARO
129-D21	0.0136140426614451	Disease	Disease	BARO
2714-D21	0	Disease	Disease	BARO
334-D21	0.267534280212466	Disease	Disease	BARO
351-D21	0.255454860309397	Disease	Disease	BARO
358-D21	0	Disease	Disease	BARO
41	0.13249418525106	PRRSV	Disease	PRRSV
42	0.0140378892356827	PRRSV	Disease	PRRSV
508-D21	0.150790325013829	Disease	Disease	BARO
516-D21	0.373367045933418	Disease	Disease	BARO
554-D21	0	Disease	Disease	BARO
6-D21	0.216094479249884	Disease	Disease	BARO
61	0.0662117901273622	PRRSV	Disease	PRRSV
629-D21	0.133085251029985	Disease	Disease	BARO
63	0.0319440156426881	Disease	Disease	PRRSV
71	0.00175657601426661	PRRSV	Disease	PRRSV
72	0.0495785257368327	PRRSV	Disease	PRRSV
73	0.0525330783501279	PRRSV	Disease	PRRSV
75-D21	0	Disease	Disease	BARO
76	0.0569636736777406	PRRSV	Disease	PRRSV
81	0.139537739034347	PRRSV	Disease	PRRSV
82	0.0778001996267847	PRRSV	Disease	PRRSV
83	0.248756447518064	PRRSV	Disease	PRRSV
831-D21	0.157225433526012	Disease	Disease	BARO
84	0.189047097480832	PRRSV	Disease	PRRSV
85	0.167570650107718	PRRSV	Disease	PRRSV
86	0.117812242374279	PRRSV	Disease	PRRSV
861-D21	0.319899759627679	Disease	Disease	BARO
87	0.0623648783075801	PRRSV	Disease	PRRSV
88	0.0900207029131956	PRRSV	Disease	PRRSV
889-D21	0	Disease	Disease	BARO
90	0.0740493199745266	PRRSV	Disease	PRRSV
92	0.0375565712741765	PRRSV	Disease	PRRSV
93	0.165879740165403	PRRSV	Disease	PRRSV
94	0.357363575547131	PRRSV	Disease	PRRSV
95	0.169017948115056	PRRSV	Disease	PRRSV
96	0.225070648813273	PRRSV	Disease	PRRSV
98	0.0887037519850205	PRRSV	Disease	PRRSV
99	0.0532422953510932	PRRSV	Disease	PRRSV
COL-26	0.000355672436463969	Streptococcus	Disease	COL
COL-33	0.000235117444955972	Streptococcus	Disease	COL
COL-38	0.000665324446912895	Streptococcus	Disease	COL
COL-42	0	Streptococcus	Disease	COL
COL-46	0.0010032807279805	Streptococcus	Disease	COL
COL-51	0.000411483002250024	Streptococcus	Disease	COL
COL-67	0.0011604635126726	Streptococcus	Disease	COL
COL-71	0.000155221656525518	Streptococcus	Disease	COL
EJ11	0	Glasser	Disease	EJ
EJ19	0	Glasser	Disease	EJ
EJ25	0	Glasser	Disease	EJ
EJ5	0	Glasser	Disease	EJ
EJ7	0	Glasser	Disease	EJ
GE266	0.243702183243142	Mycoplasma	Disease	GE
GE268	0.11112769519353	Mycoplasma	Disease	GE
GE272	0.0715909700473284	Mycoplasma	Disease	GE
GE275	0.0454517477617382	Mycoplasma	Disease	GE
GE276	0.234693101316978	Mycoplasma	Disease	GE
GE278	0.0190476190476191	Mycoplasma	Disease	GE
GE279	0.00669989776008449	Mycoplasma	Disease	GE
GE280	0.0127246571582703	Mycoplasma	Disease	GE
GE281	0.00878668730352525	Mycoplasma	Disease	GE
GE286	0.17025993883792	Mycoplasma	Disease	GE
MC1518	0.0223142397055441	Glasser	Disease	MC
MC2023	0.013722850885198	Glasser	Disease	MC
MC2029	0.015916778816426	Glasser	Disease	MC
MC2035	0.0282104798305058	Glasser	Disease	MC
MC2038	0.0319238455874619	Glasser	Disease	MC
MC6060	0.0203157989308656	Glasser	Disease	MC
MC6062	0.010410274743745	Glasser	Disease	MC
MC6081	0.0295254511739664	Glasser	Disease	MC
MC6094	0.014299566023704	Glasser	Disease	MC
MC6095	0.0290594567686133	Glasser	Disease	MC
MT225	0.121023558725429	Glasser	Disease	MT
MT251	0.356865555339103	Glasser	Disease	MT
MT257	0.150777452692181	Glasser	Disease	MT
MTT5	0.00379189964752345	Glasser	Disease	MT
MTT7	0.0686902984311399	Glasser	Disease	MT
MTT9	0.159963099630996	Glasser	Disease	MT
RM307	0.245869039245508	Mycoplasma	Disease	RM
RM315	0.0774021521759832	Mycoplasma	Disease	RM
RM318	0.16886655306203	Mycoplasma	Disease	RM
RM322	0.165905218495256	Mycoplasma	Disease	RM
RM326	0.0862575101276095	Mycoplasma	Disease	RM
RM327	0.1249345663933	Mycoplasma	Disease	RM
RM330	0.246508444014058	Mycoplasma	Disease	RM
RM334	0.146202015851501	Mycoplasma	Disease	RM
RM338	0.251846613940584	Mycoplasma	Disease	RM
RM339	0.194018975106326	Mycoplasma	Disease	RM
