ID	Rel_abG_Df	Rel_abM_Df	Pathogen	State	Farm
100	0.0605145058129263	0	PRRSV	Disease	PRRSV
101	0.0773987066121156	0	PRRSV	Disease	PRRSV
103	0.00376467190626483	0	PRRSV	Disease	PRRSV
104	0.0125103415671906	0	PRRSV	Disease	PRRSV
105	0.113662514382911	0	PRRSV	Disease	PRRSV
106	0.0109349408398633	0	PRRSV	Disease	PRRSV
107	0.0250174969777947	0	PRRSV	Disease	PRRSV
108	0.0145719918782921	0	PRRSV	Disease	PRRSV
110	0.0106654617672092	0	PRRSV	Disease	PRRSV
111	0.134862408293062	0	PRRSV	Disease	PRRSV
112	0.0480431946658936	0	PRRSV	Disease	PRRSV
112-D21	0.238290924688334	0.00698739501611944	Disease	Disease	BARO
113	0.0312175767042539	0	PRRSV	Disease	PRRSV
115	0.0467160974028605	0	PRRSV	Disease	PRRSV
116	0.022202486678508	9.34841544358231E-05	PRRSV	Disease	PRRSV
117	0.4453125	0	PRRSV	Disease	PRRSV
123-D21	0	0	Disease	Disease	BARO
129-D21	0.0136140426614451	0.104479683007115	Disease	Disease	BARO
2714-D21	0	0	Disease	Disease	BARO
334-D21	0.267534280212466	0.0375822272768394	Disease	Disease	BARO
351-D21	0.255454860309397	0.000144308473793581	Disease	Disease	BARO
358-D21	0	0	Disease	Disease	BARO
41	0.13249418525106	0	PRRSV	Disease	PRRSV
42	0.0140378892356827	0	PRRSV	Disease	PRRSV
508-D21	0.150790325013829	0.12940210194606	Disease	Disease	BARO
516-D21	0.373367045933418	0.0106756566933558	Disease	Disease	BARO
554-D21	0	0	Disease	Disease	BARO
6-D21	0.216094479249884	0.00130345204557877	Disease	Disease	BARO
61	0.0662117901273622	0	PRRSV	Disease	PRRSV
629-D21	0.133085251029985	0.324105216884591	Disease	Disease	BARO
63	0.0319440156426881	0	PRRSV	Disease	PRRSV
71	0.00175657601426661	0.00167632634864021	PRRSV	Disease	PRRSV
72	0.0495785257368327	0.00789741137083757	PRRSV	Disease	PRRSV
73	0.0525330783501279	0	PRRSV	Disease	PRRSV
75-D21	0	0.8	Disease	Disease	BARO
76	0.0569636736777406	0	PRRSV	Disease	PRRSV
81	0.139537739034347	0.20490193069155	PRRSV	Disease	PRRSV
82	0.0778001996267847	0.000781148287983335	PRRSV	Disease	PRRSV
83	0.248756447518064	0.00066629139909706	PRRSV	Disease	PRRSV
831-D21	0.157225433526012	0.0872190109184329	Disease	Disease	BARO
84	0.189047097480832	0.164305067158587	PRRSV	Disease	PRRSV
85	0.167570650107718	0.0342922316563173	PRRSV	Disease	PRRSV
86	0.117812242374279	0	PRRSV	Disease	PRRSV
861-D21	0.319899759627679	0.114100138086227	Disease	Disease	BARO
87	0.0623648783075801	0	PRRSV	Disease	PRRSV
88	0.0900207029131956	0.0941736087149406	PRRSV	Disease	PRRSV
889-D21	0	0	Disease	Disease	BARO
90	0.0740493199745266	0	PRRSV	Disease	PRRSV
92	0.0375565712741765	0.000557269268007115	PRRSV	Disease	PRRSV
93	0.165879740165403	0	PRRSV	Disease	PRRSV
94	0.357363575547131	0.00226179478194387	PRRSV	Disease	PRRSV
95	0.169017948115056	0.00295477702014264	PRRSV	Disease	PRRSV
96	0.225070648813273	0	PRRSV	Disease	PRRSV
98	0.0887037519850205	0	PRRSV	Disease	PRRSV
99	0.0532422953510932	0	PRRSV	Disease	PRRSV
COL-26	0.000355672436463969	0	Streptococcus	Disease	COL
COL-33	0.000235117444955972	0	Streptococcus	Disease	COL
COL-38	0.000665324446912895	0	Streptococcus	Disease	COL
COL-42	0	0	Streptococcus	Disease	COL
COL-46	0.0010032807279805	2.00656145596099E-05	Streptococcus	Disease	COL
COL-51	0.000411483002250024	0	Streptococcus	Disease	COL
COL-67	0.0011604635126726	9.25007147782505E-05	Streptococcus	Disease	COL
COL-71	0.000155221656525518	0	Streptococcus	Disease	COL
EJ11	0	0	Glasser	Disease	EJ
EJ19	0	0	Glasser	Disease	EJ
EJ25	0	0	Glasser	Disease	EJ
EJ5	0	0	Glasser	Disease	EJ
EJ7	0	0	Glasser	Disease	EJ
GE266	0.243702183243142	0.0260148895509327	Mycoplasma	Disease	GE
GE268	0.11112769519353	0.0773916375884951	Mycoplasma	Disease	GE
GE272	0.0715909700473284	0.116781996212074	Mycoplasma	Disease	GE
GE275	0.0454517477617382	0.0105343894551945	Mycoplasma	Disease	GE
GE276	0.234693101316978	0.0440450720296677	Mycoplasma	Disease	GE
GE278	0.0190476190476191	0	Mycoplasma	Disease	GE
GE279	0.00669989776008449	0.000101116399956557	Mycoplasma	Disease	GE
GE280	0.0127246571582703	0.0520296041112615	Mycoplasma	Disease	GE
GE281	0.00878668730352525	0	Mycoplasma	Disease	GE
GE286	0.17025993883792	0.0110537716615698	Mycoplasma	Disease	GE
MC1518	0.0223142397055441	0.00571822932071379	Glasser	Disease	MC
MC2023	0.013722850885198	0.00440317576200037	Glasser	Disease	MC
MC2029	0.015916778816426	0.00487396791910668	Glasser	Disease	MC
MC2035	0.0282104798305058	0.00675558452892284	Glasser	Disease	MC
MC2038	0.0319238455874619	0.0123067213632061	Glasser	Disease	MC
MC6060	0.0203157989308656	0.178383720407888	Glasser	Disease	MC
MC6062	0.010410274743745	0.136640858861006	Glasser	Disease	MC
MC6081	0.0295254511739664	0.0115046096790201	Glasser	Disease	MC
MC6094	0.014299566023704	0.00358195185781393	Glasser	Disease	MC
MC6095	0.0290594567686133	0.14003920226502	Glasser	Disease	MC
MT225	0.121023558725429	0.0232291405745323	Glasser	Disease	MT
MT251	0.356865555339103	0.0167997847846455	Glasser	Disease	MT
MT257	0.150777452692181	0.0754742579396914	Glasser	Disease	MT
MTT5	0.00379189964752345	0.0424616838171509	Glasser	Disease	MT
MTT7	0.0686902984311399	0.000319090183885946	Glasser	Disease	MT
MTT9	0.159963099630996	0.10420254202542	Glasser	Disease	MT
RM307	0.245869039245508	0.059768658832541	Mycoplasma	Disease	RM
RM315	0.0774021521759832	4.95190934196743E-05	Mycoplasma	Disease	RM
RM318	0.16886655306203	0.042158873196045	Mycoplasma	Disease	RM
RM322	0.165905218495256	0.00896198048910865	Mycoplasma	Disease	RM
RM326	0.0862575101276095	0	Mycoplasma	Disease	RM
RM327	0.1249345663933	0	Mycoplasma	Disease	RM
RM330	0.246508444014058	0.0351534781991669	Mycoplasma	Disease	RM
RM334	0.146202015851501	1.26676885268745E-05	Mycoplasma	Disease	RM
RM338	0.251846613940584	0.0799718954366116	Mycoplasma	Disease	RM
RM339	0.194018975106326	0.0529213633524671	Mycoplasma	Disease	RM
