Sample	Rat_MG	Health_status	State	Farm
1-D22	0	Healthy	Healthy	IRTA
10-D22	0	Healthy	Healthy	IRTA
11-D22	0	Healthy	Healthy	IRTA
111L	0	Healthy	Healthy	farm-ASN
112L	0	Healthy	Healthy	farm-ASN
114L	0	Healthy	Healthy	farm-ASN
12-D22	0	Healthy	Healthy	IRTA
13-D22	0	Healthy	Healthy	IRTA
19-D22	0	Healthy	Healthy	IRTA
2-D22	0	Healthy	Healthy	IRTA
2-D22-B	0	Healthy	Healthy	IRTA
20-D22	0	Healthy	Healthy	IRTA
204	0	Healthy	Healthy	farm-ASN
21-D22	0	Healthy	Healthy	IRTA
28-D22	0	Healthy	Healthy	IRTA
29-D22	0	Healthy	Healthy	IRTA
369	0	Healthy	Healthy	farm-ASN
37-D24	0.0211864406779661	Healthy	Healthy	IRTA
38-D24	0	Healthy	Healthy	IRTA
39-D24	0.0980392156862745	Healthy	Healthy	IRTA
4-D22	0	Healthy	Healthy	IRTA
400	0	Healthy	Healthy	farm-ASN
405	0	Healthy	Healthy	farm-ASN
42-D24	0	Healthy	Healthy	IRTA
43-D24	0	Healthy	Healthy	IRTA
443N-DNA	0.000243096071567484	Healthy	Healthy	farmG3
448N-DNA	0.010184473481937	Healthy	Healthy	farmG3
45-D24	0	Healthy	Healthy	IRTA
452N-DNA	5.41129032258064	Healthy	Healthy	farmG3
455	0	Healthy	Healthy	farm-ASN
456	0	Healthy	Healthy	farm-ASN
456N-DNA	1.36175059952038	Healthy	Healthy	farmG3
460N-DNA	0.0341713448865022	Healthy	Healthy	farmG3
464N-DNA	0.00811359026369168	Healthy	Healthy	farmG3
47-D24	0	Healthy	Healthy	IRTA
48-D24	0	Healthy	Healthy	IRTA
480N-DNA	0.0237623762376238	Healthy	Healthy	farmG3
484N-DNA	0.0389830508474577	Healthy	Healthy	farmG3
50-D24	0	Healthy	Healthy	IRTA
51-D24	0	Healthy	Healthy	IRTA
54-D24	0.00118249901458416	Healthy	Healthy	IRTA
556	0	Healthy	Healthy	farm-ASN
557	0	Healthy	Healthy	farm-ASN
570	0	Healthy	Healthy	farm-ASN
571	0	Healthy	Healthy	farm-ASN
577N-DNA	0	Healthy	Healthy	farmFD2
578N-DNA	0	Healthy	Healthy	farmFD2
579N-DNA	0.00924855491329481	Healthy	Healthy	farmFD2
580N-DNA	0.000286146425213588	Healthy	Healthy	farmFD2
581N-DNA	0.000702206097489614	Healthy	Healthy	farmFD2
583N-DNA	0.000235072872590502	Healthy	Healthy	farmFD2
584N-DNA	0	Healthy	Healthy	farmFD2
585N-DNA	0	Healthy	Healthy	farmFD2
6-D22	0	Healthy	Healthy	IRTA
639	0	Healthy	Healthy	farm-ASN
642	0	Healthy	Healthy	farm-ASN
652	0	Healthy	Healthy	farm-ASN
654	0	Healthy	Healthy	farm-ASN
667	0	Healthy	Healthy	farm-ASN
669	0	Healthy	Healthy	farm-ASN
682N-DNA	0	Healthy	Healthy	farmFD1
683N-DNA	0	Healthy	Healthy	farmFD1
684N-DNA	0	Healthy	Healthy	farmFD1
687N-DNA	0	Healthy	Healthy	farmFD1
689N-DNA	0	Healthy	Healthy	farmFD1
690N-DNA	0.00132362673726009	Healthy	Healthy	farmFD1
691N-DNA	0.00010049802353887	Healthy	Healthy	farmFD1
694N-DNA	0	Healthy	Healthy	farmFD1
7-D22	0	Healthy	Healthy	IRTA
C10-D15	0	Healthy	Healthy	P3
C12-D15	0	Healthy	Healthy	P3
C13-D15	0	Healthy	Healthy	P3
C14-D15	0	Healthy	Healthy	P3
C8-D15	0	Healthy	Healthy	P3
C9-D15	0	Healthy	Healthy	P3
D1-D15	0	Healthy	Healthy	P3
D2-D15	0	Healthy	Healthy	P3
D5-D15	0	Healthy	Healthy	P3
D6-D15	0	Healthy	Healthy	P3
DNA1-NS-Deep	0.026742301458671	Healthy	Healthy	cresa
DNA1-NS-External	0	Healthy	Healthy	cresa
DNA1-NS-Middle	0.351437699680511	Healthy	Healthy	cresa
DNA1-NS-Standard	0	Healthy	Healthy	cresa
DNA2-NS-Deep	0	Healthy	Healthy	cresa
DNA2-NS-External	0	Healthy	Healthy	cresa
DNA2-NS-Middle	0	Healthy	Healthy	cresa
DNA2-NS-Standard	0	Healthy	Healthy	cresa
DNA3-NS-Deep	0	Healthy	Healthy	cresa
DNA3-NS-External	0	Healthy	Healthy	cresa
DNA3-NS-Middle	0.184300341296929	Healthy	Healthy	cresa
DNA3-NS-Standard	0	Healthy	Healthy	cresa
DNA4-NS-Deep	0	Healthy	Healthy	cresa
DNA4-NS-External	0	Healthy	Healthy	cresa
DNA4-NS-Middle	0	Healthy	Healthy	cresa
DNA4-NS-Standard	0	Healthy	Healthy	cresa
DNA5-NS-Deep	0	Healthy	Healthy	cresa
DNA5-NS-External	0.15	Healthy	Healthy	cresa
DNA5-NS-Middle	0	Healthy	Healthy	cresa
DNA5-NS-Standard	0.135802469135803	Healthy	Healthy	cresa
GM1	0.0800038836836739	Healthy	Healthy	GM
GM10	0.0196272146479615	Healthy	Healthy	GM
GM2	0.00575163398692811	Healthy	Healthy	GM
GM3	3.83326923076923	Healthy	Healthy	GM
GM4	1.66777218664227	Healthy	Healthy	GM
GM5	0.0120805369127517	Healthy	Healthy	GM
GM6	0.0480125934671387	Healthy	Healthy	GM
GM7	0.0256410256410256	Healthy	Healthy	GM
GM8	0.0656867495827276	Healthy	Healthy	GM
GM9	0.0281164046317361	Healthy	Healthy	GM
GW-10	0.735849056603773	Healthy	Healthy	GW
GW-3	0.114839456175875	Healthy	Healthy	GW
GW-4	0.115136476426799	Healthy	Healthy	GW
GW-5	0.0747628083491459	Healthy	Healthy	GW
GW-6	0.0386813186813187	Healthy	Healthy	GW
GW-7	0.439800995024874	Healthy	Healthy	GW
GW-8	0.644590703414234	Healthy	Healthy	GW
GW-9	0.26491646778043	Healthy	Healthy	GW
KD1	0	Healthy	Healthy	KD
KD3	0.00155021087427334	Healthy	Healthy	KD
KD5	0.0127669189922043	Healthy	Healthy	KD
KD7	0.0200836820083682	Healthy	Healthy	KD
KD9	0.00559535155409353	Healthy	Healthy	KD
LG1	0	Healthy	Healthy	LG
LG3	0	Healthy	Healthy	LG
LG5	0	Healthy	Healthy	LG
LG7	0	Healthy	Healthy	LG
LG9	0	Healthy	Healthy	LG
MC1701	0	Healthy	Healthy	MC
MC1702	0	Healthy	Healthy	MC
MC1703	0	Healthy	Healthy	MC
MC1704	0	Healthy	Healthy	MC
MC1705	0	Healthy	Healthy	MC
MC4594	0	Healthy	Healthy	MC
MC4600	0	Healthy	Healthy	MC
MC6099	0	Healthy	Healthy	MC
MC6100	0	Healthy	Healthy	MC
MC6197	0	Healthy	Healthy	MC
MG-1	0	Healthy	Healthy	MT
MG-10	0.000274710180759298	Healthy	Healthy	MT
MG-13	0	Healthy	Healthy	MT
MG-14	0	Healthy	Healthy	MT
MG-15	0	Healthy	Healthy	MT
MG-16	0	Healthy	Healthy	MT
MG-2	0.163177094509671	Healthy	Healthy	MT
MG-20	0	Healthy	Healthy	MT
MG-5	0	Healthy	Healthy	MT
MG-6	0	Healthy	Healthy	MT
MG-9	0.000719646345224632	Healthy	Healthy	MT
MGT-19	0	Healthy	Healthy	MT
MT1	0	Healthy	Healthy	MT
MT2	0	Healthy	Healthy	MT
MT3	0	Healthy	Healthy	MT
MT5	0	Healthy	Healthy	MT
MT6	0	Healthy	Healthy	MT
MT7	0	Healthy	Healthy	MT
MT8	0	Healthy	Healthy	MT
MT9	0	Healthy	Healthy	MT
PRAT11	0.0131971051511282	Healthy	Healthy	PT
PRAT6	8.38363514419852E-05	Healthy	Healthy	PT
PRAT7	0.020242914979757	Healthy	Healthy	PT
PRAT8	0	Healthy	Healthy	PT
PRAT9	0.00183270811259701	Healthy	Healthy	PT
VL1	0	Healthy	Healthy	VL
VL3	0	Healthy	Healthy	VL
VL5	0	Healthy	Healthy	VL
VL7	0	Healthy	Healthy	VL
VL9	0	Healthy	Healthy	VL
100	0	PRRSV	Disease	PRRSV
101	0	PRRSV	Disease	PRRSV
103	0	PRRSV	Disease	PRRSV
104	0	PRRSV	Disease	PRRSV
105	0	PRRSV	Disease	PRRSV
106	0	PRRSV	Disease	PRRSV
107	0	PRRSV	Disease	PRRSV
108	0	PRRSV	Disease	PRRSV
110	0	PRRSV	Disease	PRRSV
111	0	PRRSV	Disease	PRRSV
112	0	PRRSV	Disease	PRRSV
112-D21	0.0293229590059227	Disease	Disease	BARO
113	0	PRRSV	Disease	PRRSV
115	0	PRRSV	Disease	PRRSV
116	0.00421052631578947	PRRSV	Disease	PRRSV
117	0	PRRSV	Disease	PRRSV
123-D21	0	Disease	Disease	BARO
129-D21	7.67440543601358	Disease	Disease	BARO
2714-D21	0	Disease	Disease	BARO
334-D21	0.140476305492489	Disease	Disease	BARO
351-D21	0.000564907920009039	Disease	Disease	BARO
358-D21	0	Disease	Disease	BARO
41	0	PRRSV	Disease	PRRSV
42	0	PRRSV	Disease	PRRSV
508-D21	0.858159181858601	Disease	Disease	BARO
516-D21	0.0285929270127915	Disease	Disease	BARO
554-D21	0	Disease	Disease	BARO
6-D21	0.00603186185090598	Disease	Disease	BARO
61	0	PRRSV	Disease	PRRSV
629-D21	2.43532032570287	Disease	Disease	BARO
63	0	Disease	Disease	PRRSV
71	0.954314720812179	PRRSV	Disease	PRRSV
72	0.159290968286507	PRRSV	Disease	PRRSV
73	0	PRRSV	Disease	PRRSV
75-D21	0	Disease	Disease	BARO
76	0	PRRSV	Disease	PRRSV
81	1.46843378794545	PRRSV	Disease	PRRSV
82	0.0100404406637847	PRRSV	Disease	PRRSV
83	0.00267848896277824	PRRSV	Disease	PRRSV
831-D21	0.554738562091502	Disease	Disease	BARO
84	0.869122400439109	PRRSV	Disease	PRRSV
85	0.204643424336383	PRRSV	Disease	PRRSV
86	0	PRRSV	Disease	PRRSV
861-D21	0.356674660271782	Disease	Disease	BARO
87	0	PRRSV	Disease	PRRSV
88	1.04613278576318	PRRSV	Disease	PRRSV
889-D21	0	Disease	Disease	BARO
90	0	PRRSV	Disease	PRRSV
92	0.0148381294964029	PRRSV	Disease	PRRSV
93	0	PRRSV	Disease	PRRSV
94	0.00632911392405064	PRRSV	Disease	PRRSV
95	0.0174820310688616	PRRSV	Disease	PRRSV
96	0	PRRSV	Disease	PRRSV
98	0	PRRSV	Disease	PRRSV
99	0	PRRSV	Disease	PRRSV
COL-26	0	Streptococcus	Disease	COL
COL-33	0	Streptococcus	Disease	COL
COL-38	0	Streptococcus	Disease	COL
COL-42	0	Streptococcus	Disease	COL
COL-46	0.0199999999999999	Streptococcus	Disease	COL
COL-51	0	Streptococcus	Disease	COL
COL-67	0.079710144927536	Streptococcus	Disease	COL
COL-71	0	Streptococcus	Disease	COL
EJ11	0	Glasser	Disease	EJ
EJ19	0	Glasser	Disease	EJ
EJ25	0	Glasser	Disease	EJ
EJ5	0	Glasser	Disease	EJ
EJ7	0	Glasser	Disease	EJ
GE266	0.1067486930348	Mycoplasma	Disease	GE
GE268	0.696420792798022	Mycoplasma	Disease	GE
GE272	1.63123919308357	Mycoplasma	Disease	GE
GE275	0.231770833333333	Mycoplasma	Disease	GE
GE276	0.187670927617852	Mycoplasma	Disease	GE
GE278	0	Mycoplasma	Disease	GE
GE279	0.0150922302962548	Mycoplasma	Disease	GE
GE280	4.08888062476758	Mycoplasma	Disease	GE
GE281	0	Mycoplasma	Disease	GE
GE286	0.064922915731178	Mycoplasma	Disease	GE
MC1518	0.256259204712812	Glasser	Disease	MC
MC2023	0.32086450540316	Glasser	Disease	MC
MC2029	0.306215722120658	Glasser	Disease	MC
MC2035	0.239470741707044	Glasser	Disease	MC
MC2038	0.385502471169688	Glasser	Disease	MC
MC6060	8.78054173576562	Glasser	Disease	MC
MC6062	13.1255766273706	Glasser	Disease	MC
MC6081	0.389650597080938	Glasser	Disease	MC
MC6094	0.25049374588545	Glasser	Disease	MC
MC6095	4.81905781584583	Glasser	Disease	MC
MT225	0.191938997821351	Glasser	Disease	MT
MT251	0.0470759492848277	Glasser	Disease	MT
MT257	0.500567270451077	Glasser	Disease	MT
MTT5	11.1979977753059	Glasser	Disease	MT
MTT7	0.00464534572092193	Glasser	Disease	MT
MTT9	0.651416122004357	Glasser	Disease	MT
RM307	0.243091440125815	Mycoplasma	Disease	RM
RM315	0.000639763779527559	Mycoplasma	Disease	RM
RM318	0.249657924743444	Mycoplasma	Disease	RM
RM322	0.0540186774737584	Mycoplasma	Disease	RM
RM326	0	Mycoplasma	Disease	RM
RM327	0	Mycoplasma	Disease	RM
RM330	0.142605574181313	Mycoplasma	Disease	RM
RM334	8.66451016635859E-05	Mycoplasma	Disease	RM
RM338	0.317542071284225	Mycoplasma	Disease	RM
RM339	0.272763853759485	Mycoplasma	Disease	RM
