#ID	Streptococcus_freq	Glasserela_freq	Micloplana_freq	Year	Run	Farm	Niche	Animal	Sample-time	Pig_Age	Health_status	Country	Treatment
EJ11	0.0000398105	0	0	2015	FOURTHa	EJ	nasal	pig	3-4 weeks	22	Glasser	Spain	antibiotic
EJ19	0	0	0	2015	FOURTHa	EJ	nasal	pig	3-4 weeks	22	Glasser	Spain	antibiotic
EJ25	0.00008116554	0	0	2015	FOURTHa	EJ	nasal	pig	3-4 weeks	22	Glasser	Spain	antibiotic
EJ7	0	0	0	2015	FOURTHa	EJ	nasal	pig	3-4 weeks	22	Glasser	Spain	antibiotic
EJ5	0	0	0	2015	FOURTHa	EJ	nasal	pig	3-4 weeks	22	Glasser	Spain	antibiotic
GM5	0.04589087	0.01867215	0	2015	FIFTH	GM	nasal	pig	3-4 weeks	22	Healthy	Spain	antibiotic
GM4	0.03073986	0.02180028	0	2015	FIFTH	GM	nasal	pig	3-4 weeks	22	Healthy	Spain	antibiotic
GM3	0.01561982	0.02535843	0	2015	FIFTH	GM	nasal	pig	3-4 weeks	22	Healthy	Spain	antibiotic
GM2	0.01941792	0.02180028	0	2015	FIFTH	GM	nasal	pig	3-4 weeks	22	Healthy	Spain	antibiotic
GM1	0.02191029	0.05281186	0	2015	FIFTH	GM	nasal	pig	3-4 weeks	22	Healthy	Spain	antibiotic
GM10	0.04011378	0.03604898	0	2015	SIXTH	GM	nasal	pig	3-4 weeks	22	Healthy	Spain	antibiotic
GM8	0.07092576	0.06146723	0	2015	SIXTH	GM	nasal	pig	3-4 weeks	22	Healthy	Spain	antibiotic
GM9	0.05473965	0.07250609	0	2015	SIXTH	GM	nasal	pig	3-4 weeks	22	Healthy	Spain	antibiotic
GM6	0.05442512	0.02981764	0	2015	SIXTH	GM	nasal	pig	3-4 weeks	22	Healthy	Spain	antibiotic
GM7	0.05910224	0.08713706	0	2015	SIXTH	GM	nasal	pig	3-4 weeks	22	Healthy	Spain	antibiotic
GW-3	0.001761466	0.003960629	0	2015	SECOND	GW	nasal	pig	3-4 weeks	22	Healthy	UK	antibiotic
GW-4	0.009649823	0.019270955	0	2015	SECOND	GW	nasal	pig	3-4 weeks	22	Healthy	UK	antibiotic
GW-5	0.005428428	0.015964182	0	2015	SECOND	GW	nasal	pig	3-4 weeks	22	Healthy	UK	antibiotic
GW-6	0.005475966	0.014621856	0	2015	SECOND	GW	nasal	pig	3-4 weeks	22	Healthy	UK	antibiotic
GW-7	0.005518114	0.012719506	0	2015	SECOND	GW	nasal	pig	3-4 weeks	22	Healthy	UK	antibiotic
GW-8	0.005475478	0.007716456	0	2015	SECOND	GW	nasal	pig	3-4 weeks	22	Healthy	UK	antibiotic
GW-9	0.001827741	0.009945761	0	2015	SECOND	GW	nasal	pig	3-4 weeks	22	Healthy	UK	antibiotic
GW-10	0.001761466	0.003960629	0	2015	SECOND	GW	nasal	pig	3-4 weeks	22	Healthy	UK	antibiotic
KD1	0.002698724	0.01889107	0	2015	SECOND	KD	nasal	pig	3-4 weeks	22	Healthy	UK	noant
KD3	0.004172029	0.105906269	0	2015	SECOND	KD	nasal	pig	3-4 weeks	22	Healthy	UK	noant
KD5	0.01255936	0.03632774	0	2015	SECOND	KD	nasal	pig	3-4 weeks	22	Healthy	UK	noant
KD7	0.003111916	0.012232698	0	2015	SECOND	KD	nasal	pig	3-4 weeks	22	Healthy	UK	noant
KD9	0.01257922	0.08912313	0	2015	SECOND	KD	nasal	pig	3-4 weeks	22	Healthy	UK	noant
LG1	0.00005463585	0	0.001256625	2015	FOURTHa	LG	nasal	pig	3-4 weeks	22	Healthy	UK	noant
LG3	0	0	0	2015	FOURTHa	LG	nasal	pig	3-4 weeks	22	Healthy	UK	noant
LG5	0	0	0	2015	FOURTHa	LG	nasal	pig	3-4 weeks	22	Healthy	UK	noant
LG7	0	0	0	2015	FOURTHa	LG	nasal	pig	3-4 weeks	22	Healthy	UK	noant
LG9	0.00007877241	0	0	2015	FOURTHa	LG	nasal	pig	3-4 weeks	22	Healthy	UK	noant
MC6095	0.008011574	0.029059457	0	2015	SIXTH	MC	nasal	pig	3-4 weeks	22	Glasser	Spain	antibiotic
MC6062	0.01008479	0.01041027	0	2015	SIXTH	MC	nasal	pig	3-4 weeks	22	Glasser	Spain	antibiotic
MC6081	0.01996657	0.02952545	0	2015	SIXTH	MC	nasal	pig	3-4 weeks	22	Glasser	Spain	antibiotic
MC6094	0.007328645	0.014299566	0	2015	SIXTH	MC	nasal	pig	3-4 weeks	22	Glasser	Spain	antibiotic
MC2035	0.01836362	0.02821048	0	2015	SIXTH	MC	nasal	pig	3-4 weeks	22	Glasser	Spain	antibiotic
MC2029	0.03052413	0.01591678	0	2015	SIXTH	MC	nasal	pig	3-4 weeks	22	Glasser	Spain	antibiotic
MC6060	0.0132968	0.0203158	0	2015	SIXTH	MC	nasal	pig	3-4 weeks	22	Glasser	Spain	antibiotic
MC2023	0.008669465	0.013722851	0	2015	SIXTH	MC	nasal	pig	3-4 weeks	22	Glasser	Spain	antibiotic
MC2038	0.008730409	0.031923846	0	2015	SIXTH	MC	nasal	pig	3-4 weeks	22	Glasser	Spain	antibiotic
MC1518	0.01491998	0.02231424	0	2015	SIXTH	MC	nasal	pig	3-4 weeks	22	Glasser	Spain	antibiotic
MTT7	0.02572767	0.0686903	0	2015	FOURTHb	MT	nasal	pig	3-4 weeks	22	Glasser	Spain	antibiotic
MTT9	0.0197417	0.1599631	0	2015	FOURTHb	MT	nasal	pig	3-4 weeks	22	Glasser	Spain	antibiotic
MT251	0.01178814	0.35686556	0	2015	FOURTHb	MT	nasal	pig	3-4 weeks	22	Glasser	Spain	antibiotic
MTT5	0.01669167	0.0037919	0	2015	FOURTHb	MT	nasal	pig	3-4 weeks	22	Glasser	Spain	antibiotic
MT225	0.02832452	0.12102356	0	2015	FOURTHb	MT	nasal	pig	3-4 weeks	22	Glasser	Spain	antibiotic
MT257	0.02629064	0.15077745	0	2015	FOURTHb	MT	nasal	pig	3-4 weeks	22	Glasser	Spain	antibiotic
PRAT11	0.03100632	0.01395017	0	2015	FIFTH	PT	nasal	pig	3-4 weeks	22	Healthy	Spain	antibiotic
PRAT9	0.1614767	0.187714	0	2015	FIFTH	PT	nasal	pig	3-4 weeks	22	Healthy	Spain	antibiotic
PRAT7	0.05025078	0.01862956	0	2015	FIFTH	PT	nasal	pig	3-4 weeks	22	Healthy	Spain	antibiotic
PRAT8	0.119897	0.1750439	0	2015	FIFTH	PT	nasal	pig	3-4 weeks	22	Healthy	Spain	antibiotic
PRAT6	0.0345948	0.5552297	0	2015	FIFTH	PT	nasal	pig	3-4 weeks	22	Healthy	Spain	antibiotic
VL1	0	0	0	2015	FOURTHb	VL	nasal	pig	3-4 weeks	22	Healthy	Spain	antibiotic
VL3	0	0	0	2015	FOURTHb	VL	nasal	pig	3-4 weeks	22	Healthy	Spain	antibiotic
VL5	0.00003449981	0	0	2015	FOURTHb	VL	nasal	pig	3-4 weeks	22	Healthy	Spain	antibiotic
VL7	0	0	0	2015	FOURTHb	VL	nasal	pig	3-4 weeks	22	Healthy	Spain	antibiotic
VL9	0.00002346665	0	0	2015	FOURTHb	VL	nasal	pig	3-4 weeks	22	Healthy	Spain	antibiotic
MC6100	0	0	0	2016	APRIL	MC	nasal	pig	3-4 weeks	22	Healthy	Spain	noant
MC6197	0	0	0	2016	APRIL	MC	nasal	pig	3-4 weeks	22	Healthy	Spain	noant
MC6099	0	0	0	2016	APRIL	MC	nasal	pig	3-4 weeks	22	Healthy	Spain	noant
MC4600	0	0	0	2016	APRIL	MC	nasal	pig	3-4 weeks	22	Healthy	Spain	noant
MC4594	0	0	0	2016	APRIL	MC	nasal	pig	3-4 weeks	22	Healthy	Spain	noant
MC1705	0	0	0	2016	APRIL	MC	nasal	pig	3-4 weeks	22	Healthy	Spain	noant
MC1704	0	0	0	2016	APRIL	MC	nasal	pig	3-4 weeks	22	Healthy	Spain	noant
MC1703	0	0	0	2016	APRIL	MC	nasal	pig	3-4 weeks	22	Healthy	Spain	noant
MC1701	0	0	0	2016	APRIL	MC	nasal	pig	3-4 weeks	22	Healthy	Spain	noant
MC1702	0	0	0	2016	APRIL	MC	nasal	pig	3-4 weeks	22	Healthy	Spain	noant
MT1	0	0	0	2016	APRIL	MT	nasal	pig	3-4 weeks	22	Healthy	Spain	noant
MT2	0	0	0	2016	APRIL	MT	nasal	pig	3-4 weeks	22	Healthy	Spain	noant
MT3	0	0	0	2016	APRIL	MT	nasal	pig	3-4 weeks	22	Healthy	Spain	noant
MT5	0	0	0	2016	APRIL	MT	nasal	pig	3-4 weeks	22	Healthy	Spain	noant
MT6	0	0	0	2016	APRIL	MT	nasal	pig	3-4 weeks	22	Healthy	Spain	noant
MT7	0	0	0	2016	APRIL	MT	nasal	pig	3-4 weeks	22	Healthy	Spain	noant
MT8	0	0	0	2016	APRIL	MT	nasal	pig	3-4 weeks	22	Healthy	Spain	noant
MT9	0	0	0	2016	APRIL	MT	nasal	pig	3-4 weeks	22	Healthy	Spain	noant
MG-1	0.008459393	0.167991081	0	2018	MAYO-AB	MT	nasal	pig	3-4 weeks	22	Healthy	Spain	noant
MG-10	0.01748829	0.1451015	0	2018	MAYO-AB	MT	nasal	pig	3-4 weeks	22	Healthy	Spain	noant
MG-13	0.01278194	0.06789447	0	2018	MAYO-AB	MT	nasal	pig	3-4 weeks	22	Healthy	Spain	noant
MG-14	0.005602266	0.087279251	0	2018	MAYO-AB	MT	nasal	pig	3-4 weeks	22	Healthy	Spain	noant
MG-15	0.009863627	0.023342782	0	2018	MAYO-AB	MT	nasal	pig	3-4 weeks	22	Healthy	Spain	noant
MG-16	0.01653753	0.07670076	0	2018	MAYO-AB	MT	nasal	pig	3-4 weeks	22	Healthy	Spain	noant
MG-2	0.006787958	0.072386392	0	2018	MAYO-AB	MT	nasal	pig	3-4 weeks	22	Healthy	Spain	noant
MG-20	0.02355334	0.06061197	0	2018	MAYO-AB	MT	nasal	pig	3-4 weeks	22	Healthy	Spain	noant
MG-5	0.01157528	0.05933988	0	2018	MAYO-AB	MT	nasal	pig	3-4 weeks	22	Healthy	Spain	noant
MG-6	0.009629383	0.170678409	0	2018	MAYO-AB	MT	nasal	pig	3-4 weeks	22	Healthy	Spain	noant
MG-9	0.01006315	0.08256795	0	2018	MAYO-AB	MT	nasal	pig	3-4 weeks	22	Healthy	Spain	noant
MG-19	0.009096011	0.013565939	0	2018	MAYO-AB	MT	nasal	pig	3-4 weeks	22	Healthy	Spain	noant
C12-D15	0	0	0	2018	ENERO18_PROBIOTICS-RUN1	P3	nasal	pig	D15	15	Healthy	Spain	noant
C8-D15	0	0	0	2018	ENERO18_PROBIOTICS-RUN1	P3	nasal	pig	D15	15	Healthy	Spain	noant
D5-D15	0	0	0	2018	ENERO18_PROBIOTICS-RUN1	P3	nasal	pig	D15	15	Healthy	Spain	noant
C13-D15	0	0	0	2018	ENERO18_PROBIOTICS-RUN2	P3	nasal	pig	D15	15	Healthy	Spain	noant
C9-D15	0	0	0	2018	ENERO18_PROBIOTICS-RUN2	P3	nasal	pig	D15	15	Healthy	Spain	noant
D1-D15	0	0	0	2018	ENERO18_PROBIOTICS-RUN2	P3	nasal	pig	D15	15	Healthy	Spain	noant
D6-D15	0	0	0	2018	ENERO18_PROBIOTICS-RUN2	P3	nasal	pig	D15	15	Healthy	Spain	noant
C10-D15	0.027048712	0.000935385	0	2018	ENERO18_PROBIOTICS-RUN3	P3	nasal	pig	D15	15	Healthy	Spain	noant
C14-D15	0.030906607	0.001347499	0	2018	ENERO18_PROBIOTICS-RUN3	P3	nasal	pig	D15	15	Healthy	Spain	noant
D2-D15	0.040273556	0.001950733	0	2018	ENERO18_PROBIOTICS-RUN3	P3	nasal	pig	D15	15	Healthy	Spain	noant
112L	0	0	0	2020	LOURDES-nasal-IBB	farm-ASN	nasal	pig	21	22	Healthy	Spain	noant
111L	0	0	0	2020	LOURDES-nasal-IBB	farm-ASN	nasal	pig	21	22	Healthy	Spain	noant
114L	0	0	0	2020	LOURDES-nasal-IBB	farm-ASN	nasal	pig	21	22	Healthy	Spain	noant
204	0	0	0	2020	LOURDES-nasal-IBB	farm-ASN	nasal	pig	21	22	Healthy	Spain	noant
369	0	0	0	2020	LOURDES-nasal-IBB	farm-ASN	nasal	pig	21	22	Healthy	Spain	noant
400	0	0	0	2020	LOURDES-nasal-IBB	farm-ASN	nasal	pig	21	22	Healthy	Spain	noant
405	0	0	0	2020	LOURDES-nasal-IBB	farm-ASN	nasal	pig	21	22	Healthy	Spain	noant
455	0	0	0	2020	LOURDES-nasal-IBB	farm-ASN	nasal	pig	21	22	Healthy	Spain	noant
456	0	0	0	2020	LOURDES-nasal-IBB	farm-ASN	nasal	pig	21	22	Healthy	Spain	noant
556	0	0	0	2020	LOURDES-nasal-IBB	farm-ASN	nasal	pig	21	22	Healthy	Spain	noant
557	0	0	0	2020	LOURDES-nasal-IBB	farm-ASN	nasal	pig	21	22	Healthy	Spain	noant
570	0	0	0	2020	LOURDES-nasal-IBB	farm-ASN	nasal	pig	21	22	Healthy	Spain	noant
571	0	0	0	2020	LOURDES-nasal-IBB	farm-ASN	nasal	pig	21	22	Healthy	Spain	noant
639	0	0	0	2020	LOURDES-nasal-IBB	farm-ASN	nasal	pig	21	22	Healthy	Spain	noant
642	0.5	0	0	2020	LOURDES-nasal-IBB	farm-ASN	nasal	pig	21	22	Healthy	Spain	noant
652	0	0	0	2020	LOURDES-nasal-IBB	farm-ASN	nasal	pig	21	22	Healthy	Spain	noant
654	0	0	0	2020	LOURDES-nasal-IBB	farm-ASN	nasal	pig	21	22	Healthy	Spain	noant
667	0	0	0	2020	LOURDES-nasal-IBB	farm-ASN	nasal	pig	21	22	Healthy	Spain	noant
669	0	0	0	2020	LOURDES-nasal-IBB	farm-ASN	nasal	pig	21	22	Healthy	Spain	noant
443N-DNA	0.02364252	0.17423126	0	2023	vaccin_response_run1	farmG3	nasal	pig	3-4 weeks	22	Healthy	Spain	antibiotic
448N-DNA	0.02224083	0.10375731	0	2023	vaccin_response_run1	farmG3	nasal	pig	3-4 weeks	22	Healthy	Spain	antibiotic
452N-DNA	0.01747774	0.0143414	0	2023	vaccin_response_run1	farmG3	nasal	pig	3-4 weeks	22	Healthy	Spain	antibiotic
456N-DNA	0.02223534	0.05408069	0	2023	vaccin_response_run1	farmG3	nasal	pig	3-4 weeks	22	Healthy	Spain	antibiotic
460N-DNA	0.01463734	0.03484555	0	2023	vaccin_response_run1	farmG3	nasal	pig	3-4 weeks	22	Healthy	Spain	antibiotic
464N-DNA	0.03783574	0.0229953	0	2023	vaccin_response_run1	farmG3	nasal	pig	3-4 weeks	22	Healthy	Spain	antibiotic
480N-DNA	0.01844371	0.01316167	0	2023	vaccin_response_run1	farmG3	nasal	pig	3-4 weeks	22	Healthy	Spain	antibiotic
484N-DNA	0.042168675	0.006138544	0	2023	vaccin_response_run1	farmG3	nasal	pig	3-4 weeks	22	Healthy	Spain	antibiotic
577N-DNA	0.06142725	0.10577761	0	2023	vaccin_response_run1	farmFD2	nasal	pig	3-4 weeks	22	Healthy	Spain	antibiotic
578N-DNA	0.07558607	0.17358506	0	2023	vaccin_response_run1	farmFD2	nasal	pig	3-4 weeks	22	Healthy	Spain	antibiotic
579N-DNA	0.149278633	0.004426975	0	2023	vaccin_response_run1	farmFD2	nasal	pig	3-4 weeks	22	Healthy	Spain	antibiotic
580N-DNA	0.07826004	0.21205974	0	2023	vaccin_response_run1	farmFD2	nasal	pig	3-4 weeks	22	Healthy	Spain	antibiotic
581N-DNA	0.08558023	0.24482808	0	2023	vaccin_response_run1	farmFD2	nasal	pig	3-4 weeks	22	Healthy	Spain	antibiotic
583N-DNA	0.07664507	0.05736749	0	2023	vaccin_response_run1	farmFD2	nasal	pig	3-4 weeks	22	Healthy	Spain	antibiotic
584N-DNA	0.06628937	0.11008025	0	2023	vaccin_response_run1	farmFD2	nasal	pig	3-4 weeks	22	Healthy	Spain	antibiotic
585N-DNA	0.081309061	0.007943388	0	2023	vaccin_response_run1	farmFD2	nasal	pig	3-4 weeks	22	Healthy	Spain	antibiotic
682N-DNA	0.01478468	0.22938557	0	2023	vaccin_response_run1	farmFD1	nasal	pig	3-4 weeks	22	Healthy	Spain	antibiotic
683N-DNA	0.05020223	0.21323153	0	2023	vaccin_response_run1	farmFD1	nasal	pig	3-4 weeks	22	Healthy	Spain	antibiotic
684N-DNA	0.04791151	0.13746324	0	2023	vaccin_response_run1	farmFD1	nasal	pig	3-4 weeks	22	Healthy	Spain	antibiotic
687N-DNA	0.04241164	0.07347247	0	2023	vaccin_response_run1	farmFD1	nasal	pig	3-4 weeks	22	Healthy	Spain	antibiotic
689N-DNA	0.01688825	0.20913561	0	2023	vaccin_response_run1	farmFD1	nasal	pig	3-4 weeks	22	Healthy	Spain	antibiotic
690N-DNA	0.06336181	0.03738372	0	2023	vaccin_response_run1	farmFD1	nasal	pig	3-4 weeks	22	Healthy	Spain	antibiotic
691N-DNA	0.02761481	0.4556876	0.00003561888	2023	vaccin_response_run1	farmFD1	nasal	pig	3-4 weeks	22	Healthy	Spain	antibiotic
694N-DNA	0.03048012	0.25820174	0	2023	vaccin_response_run1	farmFD1	nasal	pig	3-4 weeks	22	Healthy	Spain	antibiotic
DNA1-NS-Deep	0.04145041	0.0865479	0	2023	fecal_contam_run1	cresa	nasal	pig	3-4 weeks	22	Healthy	Spain	antibiotic
DNA1-NS-External	0.035929786	0.004936917	0	2023	fecal_contam_run1	cresa	nasal	pig	3-4 weeks	22	Healthy	Spain	antibiotic
DNA1-NS-Middle	0.049653983	0.006427501	0	2023	fecal_contam_run1	cresa	nasal	pig	3-4 weeks	22	Healthy	Spain	antibiotic
DNA1-NS-Standard	0.08869266	0.01525825	0	2023	fecal_contam_run1	cresa	nasal	pig	3-4 weeks	22	Healthy	Spain	antibiotic
DNA2-NS-Deep	0.03143928	0.01384482	0	2023	fecal_contam_run1	cresa	nasal	pig	3-4 weeks	22	Healthy	Spain	antibiotic
DNA2-NS-External	0.060509179	0.001564893	0	2023	fecal_contam_run1	cresa	nasal	pig	3-4 weeks	22	Healthy	Spain	antibiotic
DNA2-NS-Middle	0.27872704	0.009855373	0	2023	fecal_contam_run1	cresa	nasal	pig	3-4 weeks	22	Healthy	Spain	antibiotic
DNA2-NS-Standard	0.04910613	0.02308215	0	2023	fecal_contam_run1	cresa	nasal	pig	3-4 weeks	22	Healthy	Spain	antibiotic
DNA3-NS-Deep	0.18484258	0.04890187	0	2023	fecal_contam_run1	cresa	nasal	pig	3-4 weeks	22	Healthy	Spain	antibiotic
DNA3-NS-External	0.2722689076	0.0009682134	0	2023	fecal_contam_run1	cresa	nasal	pig	3-4 weeks	22	Healthy	Spain	antibiotic
DNA3-NS-Middle	0.10095166	0.00926365	0	2023	fecal_contam_run1	cresa	nasal	pig	3-4 weeks	22	Healthy	Spain	antibiotic
DNA3-NS-Standard	0.070994817	0.0004641448	0	2023	fecal_contam_run1	cresa	nasal	pig	3-4 weeks	22	Healthy	Spain	antibiotic
DNA4-NS-Deep	0.34961666	0.09761615	0	2023	fecal_contam_run1	cresa	nasal	pig	3-4 weeks	22	Healthy	Spain	antibiotic
DNA4-NS-External	0.111637495	0.000475728	0	2023	fecal_contam_run1	cresa	nasal	pig	3-4 weeks	22	Healthy	Spain	antibiotic
DNA4-NS-Middle	0.0301960585	0.0008888663	0	2023	fecal_contam_run1	cresa	nasal	pig	3-4 weeks	22	Healthy	Spain	antibiotic
DNA4-NS-Standard	0.1539982	0	0	2023	fecal_contam_run1	cresa	nasal	pig	3-4 weeks	22	Healthy	Spain	antibiotic
DNA5-NS-Deep	0.09988386	0	0	2023	fecal_contam_run1	cresa	nasal	pig	3-4 weeks	22	Healthy	Spain	antibiotic
DNA5-NS-External	0.024364734	0.001426228	0	2023	fecal_contam_run1	cresa	nasal	pig	3-4 weeks	22	Healthy	Spain	antibiotic
DNA5-NS-Middle	0.02216223	0	0	2023	fecal_contam_run1	cresa	nasal	pig	3-4 weeks	22	Healthy	Spain	antibiotic
DNA5-NS-Standard	0.014918977	0.004339092	0	2023	fecal_contam_run1	cresa	nasal	pig	3-4 weeks	22	Healthy	Spain	antibiotic
41	0.02252018	0.13249419	0	2023	PRRSV_RUN2	PRRSV	nasal	pig	3-4 weeks	22	PRSSV	Spain	antibiotic
42	0.04807046	0.01403789	0	2023	PRRSV_RUN2	PRRSV	nasal	pig	3-4 weeks	22	PRSSV	Spain	antibiotic
61	0.005450732	0.06621179	0	2023	PRRSV_RUN2	PRRSV	nasal	pig	3-4 weeks	22	PRSSV	Spain	antibiotic
63	0.02601626	0.03194402	0	2023	PRRSV_RUN2	PRRSV	nasal	pig	3-4 weeks	22	PRSSV	Spain	antibiotic
71	0.015345519	0.001756576	0	2023	PRRSV_RUN2	PRRSV	nasal	pig	3-4 weeks	22	PRSSV	Spain	antibiotic
72	0.02423626	0.04957853	0	2023	PRRSV_RUN2	PRRSV	nasal	pig	3-4 weeks	22	PRSSV	Spain	antibiotic
73	0.02303021	0.05253308	0	2023	PRRSV_RUN2	PRRSV	nasal	pig	3-4 weeks	22	PRSSV	Spain	antibiotic
76	0.05850548	0.05696367	0	2023	PRRSV_RUN2	PRRSV	nasal	pig	3-4 weeks	22	PRSSV	Spain	antibiotic
90	0.005908056	0.07404932	0	2023	PRRSV_RUN2	PRRSV	nasal	pig	3-4 weeks	22	PRSSV	Spain	antibiotic
92	0.01189967	0.03755657	0	2023	PRRSV_RUN2	PRRSV	nasal	pig	3-4 weeks	22	PRSSV	Spain	antibiotic
93	0.006335106	0.16587974	0	2023	PRRSV_RUN2	PRRSV	nasal	pig	3-4 weeks	22	PRSSV	Spain	antibiotic
94	0.003384728	0.357363576	0	2023	PRRSV_RUN2	PRRSV	nasal	pig	3-4 weeks	22	PRSSV	Spain	antibiotic
95	0.005541187	0.169017948	0	2023	PRRSV_RUN2	PRRSV	nasal	pig	3-4 weeks	22	PRSSV	Spain	antibiotic
96	0.01513532	0.22507065	0	2023	PRRSV_RUN2	PRRSV	nasal	pig	3-4 weeks	22	PRSSV	Spain	antibiotic
101	0.006790286	0.077398707	0	2023	PRRSV_RUN2	PRRSV	nasal	pig	3-4 weeks	22	PRSSV	Spain	antibiotic
103	0.005053943	0.003764672	0	2023	PRRSV_RUN2	PRRSV	nasal	pig	3-4 weeks	22	PRSSV	Spain	antibiotic
104	0.03569909	0.01251034	0	2023	PRRSV_RUN2	PRRSV	nasal	pig	3-4 weeks	22	PRSSV	Spain	antibiotic
105	0.002088649	0.113662514	0	2023	PRRSV_RUN2	PRRSV	nasal	pig	3-4 weeks	22	PRSSV	Spain	antibiotic
106	0.01410193	0.01093494	0	2023	PRRSV_RUN2	PRRSV	nasal	pig	3-4 weeks	22	PRSSV	Spain	antibiotic
107	0.03256983	0.0250175	0	2023	PRRSV_RUN2	PRRSV	nasal	pig	3-4 weeks	22	PRSSV	Spain	antibiotic
108	0.01055233	0.01457199	0	2023	PRRSV_RUN2	PRRSV	nasal	pig	3-4 weeks	22	PRSSV	Spain	antibiotic
117	0.02175146	0.4453125	0	2023	PRRSV_RUN2	PRRSV	nasal	pig	3-4 weeks	22	PRSSV	Spain	antibiotic
81	0.015378	0.1395377	0	2023	PRRSV_RUN1	PRRSV	nasal	pig	3-4 weeks	22	PRSSV	Spain	antibiotic
82	0.01825934	0.0778002	0	2023	PRRSV_RUN1	PRRSV	nasal	pig	3-4 weeks	22	PRSSV	Spain	antibiotic
83	0.04868522	0.24875645	0	2023	PRRSV_RUN1	PRRSV	nasal	pig	3-4 weeks	22	PRSSV	Spain	antibiotic
84	0.04607137	0.1890471	0	2023	PRRSV_RUN1	PRRSV	nasal	pig	3-4 weeks	22	PRSSV	Spain	antibiotic
85	0.007046002	0.16757065	0	2023	PRRSV_RUN1	PRRSV	nasal	pig	3-4 weeks	22	PRSSV	Spain	antibiotic
86	0.01063994	0.11781224	0	2023	PRRSV_RUN1	PRRSV	nasal	pig	3-4 weeks	22	PRSSV	Spain	antibiotic
87	0.01785264	0.06236488	0	2023	PRRSV_RUN1	PRRSV	nasal	pig	3-4 weeks	22	PRSSV	Spain	antibiotic
88	0.02437522	0.0900207	0	2023	PRRSV_RUN1	PRRSV	nasal	pig	3-4 weeks	22	PRSSV	Spain	antibiotic
98	0.01176791	0.08870375	0	2023	PRRSV_RUN1	PRRSV	nasal	pig	3-4 weeks	22	PRSSV	Spain	antibiotic
99	0.005615253	0.053242295	0	2023	PRRSV_RUN1	PRRSV	nasal	pig	3-4 weeks	22	PRSSV	Spain	antibiotic
100	0.007827132	0.060514506	0	2023	PRRSV_RUN1	PRRSV	nasal	pig	3-4 weeks	22	PRSSV	Spain	antibiotic
110	0.0120525	0.01066546	0	2023	PRRSV_RUN1	PRRSV	nasal	pig	3-4 weeks	22	PRSSV	Spain	antibiotic
111	0.01377169	0.13486241	0	2023	PRRSV_RUN1	PRRSV	nasal	pig	3-4 weeks	22	PRSSV	Spain	antibiotic
112	0.007312654	0.048043195	0	2023	PRRSV_RUN1	PRRSV	nasal	pig	3-4 weeks	22	PRSSV	Spain	antibiotic
113	0.004081772	0.031217577	0	2023	PRRSV_RUN1	PRRSV	nasal	pig	3-4 weeks	22	PRSSV	Spain	antibiotic
115	0.03326445	0.0467161	0	2023	PRRSV_RUN1	PRRSV	nasal	pig	3-4 weeks	22	PRSSV	Spain	antibiotic
116	0.006232277	0.022202487	0	2023	PRRSV_RUN1	PRRSV	nasal	pig	3-4 weeks	22	PRSSV	Spain	antibiotic
112-D21	0.04625517	0.23829092	0	2018	B	BARO	nasal	pig	D21	22	Disease	Spain	noant
123-D21	0.037333909	0.003601333	0	2018	A	BARO	nasal	pig	D21	22	Disease	Spain	noant
129-D21	0.13614043	0.01361404	0	2018	B	BARO	nasal	pig	D21	22	Disease	Spain	noant
2714-D21	0	0	0	2018	C	BARO	nasal	pig	D21	22	Disease	Spain	antibiotic
334-D21	0.01036484	0.26753428	0	2018	B	BARO	nasal	pig	D21	22	Disease	Spain	noant
351-D21	0.01079427	0.25545486	0	2018	B	BARO	nasal	pig	D21	22	Disease	Spain	noant
508-D21	0.1257145	0.1507903	0	2018	B	BARO	nasal	pig	D21	22	Disease	Spain	noant
516-D21	0.02164981	0.37336705	0	2018	B	BARO	nasal	pig	D21	22	Disease	Spain	noant
6-D21	0.02304167	0.21609448	0	2018	B	BARO	nasal	pig	D21	22	Disease	Spain	noant
629-D21	0.01674556	0.13308525	0	2018	B	BARO	nasal	pig	D21	22	Disease	Spain	noant
831-D21	0.03657675	0.15722543	0	2018	B	BARO	nasal	pig	D21	22	Disease	Spain	noant
861-D21	0.03989158	0.31989976	0	2018	B	BARO	nasal	pig	D21	22	Disease	Spain	noant
SRR14261948	0.5087375898	0.0003632254	0	2021	Patel	Netherlans-farm	nasal	pig	0 to 6 weeks	28	Healthy	Netherlands	noant
SRR14261949	0.085726773	0.001114956	0	2021	Patel	Netherlans-farm	nasal	pig	0 to 6 weeks	28	Healthy	Netherlands	noant
SRR14261950	0.1729123	0	0	2021	Patel	Netherlans-farm	nasal	pig	0 to 6 weeks	28	Healthy	Netherlands	noant
SRR14261951	0.028459912	0.004878842	0	2021	Patel	Netherlans-farm	nasal	pig	0 to 6 weeks	28	Healthy	Netherlands	noant
SRR14261952	0.01859478	0	0	2021	Patel	Netherlans-farm	nasal	pig	0 to 6 weeks	28	Healthy	Netherlands	noant
SRR14261953	0.01677506	0	0	2021	Patel	Netherlans-farm	nasal	pig	0 to 6 weeks	28	Healthy	Netherlands	noant
SRR14261954	0.091126568	0.000513189	0	2021	Patel	Netherlans-farm	nasal	pig	0 to 6 weeks	28	Healthy	Netherlands	noant
SRR14261955	0.0177244952	0.0004650742	0	2021	Patel	Netherlans-farm	nasal	pig	0 to 6 weeks	28	Healthy	Netherlands	noant
SRR14261956	0.1571603	0	0	2021	Patel	Netherlans-farm	nasal	pig	0 to 6 weeks	28	Healthy	Netherlands	noant
SRR14261957	0.168787285	0.001885612	0	2021	Patel	Netherlans-farm	nasal	pig	0 to 6 weeks	28	Healthy	Netherlands	noant
SRR14261958	0.215534413	0.003501653	0	2021	Patel	Netherlans-farm	nasal	pig	0 to 6 weeks	28	Healthy	Netherlands	noant
SRR14261959	0.06106214	0.02078711	0	2021	Patel	Netherlans-farm	nasal	pig	0 to 6 weeks	28	Healthy	Netherlands	noant
SRR14261960	0.08087652	0.0425244	0	2021	Patel	Netherlans-farm	nasal	pig	0 to 6 weeks	28	Healthy	Netherlands	noant
SRR14261961	0.08776758	0.03907866	0	2021	Patel	Netherlans-farm	nasal	pig	0 to 6 weeks	28	Healthy	Netherlands	noant
SRR14261962	0.04972635	0.01601465	0	2021	Patel	Netherlans-farm	nasal	pig	0 to 6 weeks	28	Healthy	Netherlands	noant
SRR14261963	0.08352375	0.04317908	0	2021	Patel	Netherlans-farm	nasal	pig	0 to 6 weeks	28	Healthy	Netherlands	noant
SRR14261964	0.11484696	0.01581058	0	2021	Patel	Netherlans-farm	nasal	pig	0 to 6 weeks	28	Healthy	Netherlands	noant
SRR14261965	0.173705705	0.004555165	0	2021	Patel	Netherlans-farm	nasal	pig	0 to 6 weeks	28	Healthy	Netherlands	noant
SRR14261966	0.101599597	0.001230019	0	2021	Patel	Netherlans-farm	nasal	pig	0 to 6 weeks	28	Healthy	Netherlands	noant
SRR14261967	0.183784706	0.007463697	0	2021	Patel	Netherlans-farm	nasal	pig	0 to 6 weeks	28	Healthy	Netherlands	noant
SRR14261968	0.29372086	0.02424149	0	2021	Patel	Netherlans-farm	nasal	pig	0 to 6 weeks	28	Healthy	Netherlands	noant
SRR14261969	0.125142932	0.0003513745	0	2021	Patel	Netherlans-farm	nasal	pig	0 to 6 weeks	28	Healthy	Netherlands	noant
SRR14261970	0.2005935	0.01912893	0	2021	Patel	Netherlans-farm	nasal	pig	0 to 6 weeks	28	Healthy	Netherlands	noant
SRR14261971	0.29171087	0.02812025	0	2021	Patel	Netherlans-farm	nasal	pig	0 to 6 weeks	28	Healthy	Netherlands	noant
SRR14261972	0.3470895	0	0	2021	Patel	Netherlans-farm	nasal	pig	0 to 6 weeks	28	Healthy	Netherlands	noant
SRR14261973	0.292014896	0.002244547	0	2021	Patel	Netherlans-farm	nasal	pig	0 to 6 weeks	28	Healthy	Netherlands	noant
SRR14261974	0.5240312611	0.0002904628	0	2021	Patel	Netherlans-farm	nasal	pig	0 to 6 weeks	28	Healthy	Netherlands	noant
SRR14261975	0.06022377	0.09080073	0	2021	Patel	Netherlans-farm	nasal	pig	0 to 6 weeks	28	Healthy	Netherlands	noant
SRR14261976	0.164204969	0.000997913	0	2021	Patel	Netherlans-farm	nasal	pig	0 to 6 weeks	28	Healthy	Netherlands	noant
SRR14261977	0.08626948	0.03493773	0	2021	Patel	Netherlans-farm	nasal	pig	0 to 6 weeks	28	Healthy	Netherlands	noant
SRR14261978	0.060078429	0.001407695	0	2021	Patel	Netherlans-farm	nasal	pig	0 to 6 weeks	28	Healthy	Netherlands	noant
SRR14261979	0.0278103732	0.0007431745	0.0002835798	2021	Patel	Netherlans-farm	nasal	pig	0 to 6 weeks	28	Healthy	Netherlands	noant
SRR14261980	0.1061313	0	0	2021	Patel	Netherlans-farm	nasal	pig	0 to 6 weeks	28	Healthy	Netherlands	noant
SRR14261981	0.002236716	0	0	2021	Patel	Netherlans-farm	nasal	pig	0 to 6 weeks	28	Healthy	Netherlands	noant
SRR14261982	0.15554491	0.05190864	0	2021	Patel	Netherlans-farm	nasal	pig	0 to 6 weeks	28	Healthy	Netherlands	noant
SRR14261983	0.090332514	0.003158067	0	2021	Patel	Netherlans-farm	nasal	pig	0 to 6 weeks	28	Healthy	Netherlands	noant
SRR14261984	0.04496579	0.01892599	0	2021	Patel	Netherlans-farm	nasal	pig	0 to 6 weeks	28	Healthy	Netherlands	noant
SRR14261985	0.09284335	0.01101827	0	2021	Patel	Netherlans-farm	nasal	pig	0 to 6 weeks	28	Healthy	Netherlands	noant
SRR14261986	0.0460698	0	0	2021	Patel	Netherlans-farm	nasal	pig	0 to 6 weeks	28	Healthy	Netherlands	noant
SRR14261987	0.105243637	0.001288887	0	2021	Patel	Netherlans-farm	nasal	pig	0 to 6 weeks	28	Healthy	Netherlands	noant
SRR14261988	0.006895793	0	0	2021	Patel	Netherlans-farm	nasal	pig	0 to 6 weeks	28	Healthy	Netherlands	noant
SRR14261989	0.0238294	0	0	2021	Patel	Netherlans-farm	nasal	pig	0 to 6 weeks	28	Healthy	Netherlands	noant
SRR14261990	0.1763308	0	0	2021	Patel	Netherlans-farm	nasal	pig	0 to 6 weeks	28	Healthy	Netherlands	noant
SRR14261991	0.18544766	0.01621183	0	2021	Patel	Netherlans-farm	nasal	pig	0 to 6 weeks	28	Healthy	Netherlands	noant
SRR14261992	0.1734807	0	0	2021	Patel	Netherlans-farm	nasal	pig	0 to 6 weeks	28	Healthy	Netherlands	noant
SRR14261993	0.2674559	0	0	2021	Patel	Netherlans-farm	nasal	pig	0 to 6 weeks	28	Healthy	Netherlands	noant
SRR14261994	0.1489841	0	0	2021	Patel	Netherlans-farm	nasal	pig	0 to 6 weeks	28	Healthy	Netherlands	noant
SRR14261995	0.2350648	0	0	2021	Patel	Netherlans-farm	nasal	pig	0 to 6 weeks	28	Healthy	Netherlands	noant
SRR14261996	0.1433989	0	0	2021	Patel	Netherlans-farm	nasal	pig	0 to 6 weeks	28	Healthy	Netherlands	noant
SRR14261997	0.2699034	0	0	2021	Patel	Netherlans-farm	nasal	pig	0 to 6 weeks	28	Healthy	Netherlands	noant
SRR14261998	0.078494424	0.001254647	0	2021	Patel	Netherlans-farm	nasal	pig	0 to 6 weeks	28	Healthy	Netherlands	noant
SRR14261999	0.1744066	0	0	2021	Patel	Netherlans-farm	nasal	pig	0 to 6 weeks	28	Healthy	Netherlands	noant
SRR14262000	0.2051206	0	0	2021	Patel	Netherlans-farm	nasal	pig	0 to 6 weeks	28	Healthy	Netherlands	noant
SRR14262001	0.1890019	0	0	2021	Patel	Netherlans-farm	nasal	pig	0 to 6 weeks	28	Healthy	Netherlands	noant
SRR14262002	0.1163713	0	0	2021	Patel	Netherlans-farm	nasal	pig	0 to 6 weeks	28	Healthy	Netherlands	noant
SRR14262003	0.04262271	0	0	2021	Patel	Netherlans-farm	nasal	pig	0 to 6 weeks	28	Healthy	Netherlands	noant
SRR14262004	0.06339535	0	0	2021	Patel	Netherlans-farm	nasal	pig	0 to 6 weeks	28	Healthy	Netherlands	noant
SRR14262005	0.05572115	0	0	2021	Patel	Netherlans-farm	nasal	pig	0 to 6 weeks	28	Healthy	Netherlands	noant
SRR14262006	0.053700492	0.0003893392	0	2021	Patel	Netherlans-farm	nasal	pig	0 to 6 weeks	28	Healthy	Netherlands	noant
SRR14262007	0.092164186	0.002178536	0	2021	Patel	Netherlans-farm	nasal	pig	0 to 6 weeks	28	Healthy	Netherlands	noant
SRR14262008	0.06776608	0.00201801	0	2021	Patel	Netherlans-farm	nasal	pig	0 to 6 weeks	28	Healthy	Netherlands	noant
SRR14262009	0.070964831	0.001287469	0	2021	Patel	Netherlans-farm	nasal	pig	0 to 6 weeks	28	Healthy	Netherlands	noant
SRR14262010	0.20200149	0.003303144	0	2021	Patel	Netherlans-farm	nasal	pig	0 to 6 weeks	28	Healthy	Netherlands	noant
SRR14262011	0.107467222	0.001997405	0	2021	Patel	Netherlans-farm	nasal	pig	0 to 6 weeks	28	Healthy	Netherlands	noant
SRR14262012	0.024744018	0.003178416	0	2021	Patel	Netherlans-farm	nasal	pig	0 to 6 weeks	28	Healthy	Netherlands	noant
SRR14262013	0.0605942	0.005149406	0	2021	Patel	Netherlans-farm	nasal	pig	0 to 6 weeks	28	Healthy	Netherlands	noant
SRR14262014	0.01982054	0	0	2021	Patel	Netherlans-farm	nasal	pig	0 to 6 weeks	28	Healthy	Netherlands	noant
SRR14262015	0.2804152	0	0	2021	Patel	Netherlans-farm	nasal	pig	0 to 6 weeks	28	Healthy	Netherlands	noant
SRR14262016	0.204468626	0.001186282	0	2021	Patel	Netherlans-farm	nasal	pig	0 to 6 weeks	28	Healthy	Netherlands	noant
SRR14262017	0.318108151	0.001146336	0	2021	Patel	Netherlans-farm	nasal	pig	0 to 6 weeks	28	Healthy	Netherlands	noant
SRR14262018	0.2446281	0	0	2021	Patel	Netherlans-farm	nasal	pig	0 to 6 weeks	28	Healthy	Netherlands	noant
SRR14262019	0.2191802	0	0	2021	Patel	Netherlans-farm	nasal	pig	0 to 6 weeks	28	Healthy	Netherlands	noant
SRR14262020	0.1018595905	0.0006268282	0	2021	Patel	Netherlans-farm	nasal	pig	0 to 6 weeks	28	Healthy	Netherlands	noant
SRR14262021	0.0348834956	0.0003165354	0	2021	Patel	Netherlans-farm	nasal	pig	0 to 6 weeks	28	Healthy	Netherlands	noant
SRR14262022	0.3848603	0.0142264	0	2021	Patel	Netherlans-farm	nasal	pig	0 to 6 weeks	28	Healthy	Netherlands	noant
SRR14262023	0.0593715428	0.0004366982	0	2021	Patel	Netherlans-farm	nasal	pig	0 to 6 weeks	28	Healthy	Netherlands	noant
SRR14262024	0.04388423	0	0	2021	Patel	Netherlans-farm	nasal	pig	0 to 6 weeks	28	Healthy	Netherlands	noant
SRR14262025	0.04616054	0	0	2021	Patel	Netherlans-farm	nasal	pig	0 to 6 weeks	28	Healthy	Netherlands	noant
SRR14262026	0.07526382	0	0	2021	Patel	Netherlans-farm	nasal	pig	0 to 6 weeks	28	Healthy	Netherlands	noant
SRR14262027	0.04777855	0	0	2021	Patel	Netherlans-farm	nasal	pig	0 to 6 weeks	28	Healthy	Netherlands	noant
SRR14262028	0.181009	0	0	2021	Patel	Netherlans-farm	nasal	pig	0 to 6 weeks	28	Healthy	Netherlands	noant
SRR14262029	0.2447276	0	0	2021	Patel	Netherlans-farm	nasal	pig	0 to 6 weeks	28	Healthy	Netherlands	noant
SRR14262030	0.1431777	0	0	2021	Patel	Netherlans-farm	nasal	pig	0 to 6 weeks	28	Healthy	Netherlands	noant
SRR14262031	0.01203684	0	0	2021	Patel	Netherlans-farm	nasal	pig	0 to 6 weeks	28	Healthy	Netherlands	noant
SRR14262032	0.1976817	0	0	2021	Patel	Netherlans-farm	nasal	pig	0 to 6 weeks	28	Healthy	Netherlands	noant
SRR14262033	0.1234812922	0.0006992611	0	2021	Patel	Netherlans-farm	nasal	pig	0 to 6 weeks	28	Healthy	Netherlands	noant
SRR14262034	0.1415610688	0.0002109888	0	2021	Patel	Netherlans-farm	nasal	pig	0 to 6 weeks	28	Healthy	Netherlands	noant
SRR14262035	0.1038018138	0.0001446807	0	2021	Patel	Netherlans-farm	nasal	pig	0 to 6 weeks	28	Healthy	Netherlands	noant
SRR14262036	0.157528383	0.001699857	0	2021	Patel	Netherlans-farm	nasal	pig	0 to 6 weeks	28	Healthy	Netherlands	noant
SRR14262037	0.1411777682	0.0006525795	0	2021	Patel	Netherlans-farm	nasal	pig	0 to 6 weeks	28	Healthy	Netherlands	noant
SRR14262038	0.1729379	0	0	2021	Patel	Netherlans-farm	nasal	pig	0 to 6 weeks	28	Healthy	Netherlands	noant
SRR14262039	0.1649118091	0.0008288902	0	2021	Patel	Netherlans-farm	nasal	pig	0 to 6 weeks	28	Healthy	Netherlands	noant
SRR14262040	0.176326578	0.001816698	0	2021	Patel	Netherlans-farm	nasal	pig	0 to 6 weeks	28	Healthy	Netherlands	noant
SRR14262041	0.188973914	0.001403515	0	2021	Patel	Netherlans-farm	nasal	pig	0 to 6 weeks	28	Healthy	Netherlands	noant
SRR14262042	0.0077362397	0.0004778266	0	2021	Patel	Netherlans-farm	nasal	pig	0 to 6 weeks	28	Healthy	Netherlands	noant
SRR14262043	0.007530473	0	0	2021	Patel	Netherlans-farm	nasal	pig	0 to 6 weeks	28	Healthy	Netherlands	noant
SRR15657792	0.03449905	0	0	2021	Chrun	Uk-conv-farm	nasal	pig	11-12 weeks	84	Healthy	UK	antibiotic
SRR15657794	0.01266773	0	0	2021	Chrun	Uk-conv-farm	nasal	pig	11-12 weeks	84	Healthy	UK	antibiotic
SRR15657800	0.007534392	0	0	2021	Chrun	Uk-conv-farm	nasal	pig	11-12 weeks	84	Healthy	UK	antibiotic
SRR15657801	0.01511107	0	0	2021	Chrun	Uk-conv-farm	nasal	pig	11-12 weeks	84	Healthy	UK	antibiotic
SRR15657803	0.002741395	0	0	2021	Chrun	Uk-conv-farm	nasal	pig	11-12 weeks	84	Healthy	UK	antibiotic
SRR15657808	0.007300672	0	0	2021	Chrun	Uk-conv-farm	nasal	pig	11-12 weeks	84	Healthy	UK	antibiotic
SRR15657809	0.01625773	0	0	2021	Chrun	Uk-conv-farm	nasal	pig	11-12 weeks	84	Healthy	UK	antibiotic
SRR15657814	0.03434343	0	0	2021	Chrun	Uk-conv-farm	nasal	pig	11-12 weeks	84	Healthy	UK	antibiotic
SRR15657825	0.01675725	0	0	2021	Chrun	Uk-conv-farm	nasal	pig	11-12 weeks	84	Healthy	UK	antibiotic
SRR15657823	0.01030455	0	0	2021	Chrun	Uk-conv-farm	nasal	pig	11-12 weeks	84	Healthy	UK	antibiotic
SRR15657824	0.0515961	0	0	2021	Chrun	Uk-conv-farm	nasal	pig	11-12 weeks	84	Healthy	UK	antibiotic
SRR15657816	0.01954701	0	0	2021	Chrun	Uk-conv-farm	nasal	pig	11-12 weeks	84	Healthy	UK	antibiotic
SRR15657817	0.04787663	0	0	2021	Chrun	Uk-conv-farm	nasal	pig	11-12 weeks	84	Healthy	UK	antibiotic
SRR15657831	0.04684411	0	0	2021	Chrun	Uk-conv-farm	nasal	pig	11-12 weeks	84	Healthy	UK	antibiotic
SRR15657832	0.003287079	0	0	2021	Chrun	Uk-conv-farm	nasal	pig	11-12 weeks	84	Healthy	UK	antibiotic
SRR15657839	0.003192146	0	0	2021	Chrun	Uk-conv-farm	nasal	pig	11-12 weeks	84	Healthy	UK	antibiotic
SRR15657840	0.04729259	0	0	2021	Chrun	Uk-conv-farm	nasal	pig	11-12 weeks	84	Healthy	UK	antibiotic
SRR15657846	0.02099177	0	0	2021	Chrun	Uk-conv-farm	nasal	pig	11-12 weeks	84	Healthy	UK	antibiotic
SRR15657847	0.06132599	0	0	2021	Chrun	Uk-conv-farm	nasal	pig	11-12 weeks	84	Healthy	UK	antibiotic
SRR15657848	0.01888997	0	0	2021	Chrun	Uk-conv-farm	nasal	pig	11-12 weeks	84	Healthy	UK	antibiotic
SRR15657854	0.01215086	0	0	2021	Chrun	Uk-conv-farm	nasal	pig	11-12 weeks	84	Healthy	UK	antibiotic
SRR15657855	0.006655101	0	0	2021	Chrun	Uk-conv-farm	nasal	pig	11-12 weeks	84	Healthy	UK	antibiotic
SRR15657856	0.05588814	0	0	2021	Chrun	Uk-conv-farm	nasal	pig	11-12 weeks	84	Healthy	UK	antibiotic
SRR15657857	0.02259026	0	0	2021	Chrun	Uk-conv-farm	nasal	pig	11-12 weeks	84	Healthy	UK	antibiotic
SRR15657858	0.01421111	0	0	2021	Chrun	Uk-conv-farm	nasal	pig	11-12 weeks	84	Healthy	UK	antibiotic
SRR15657859	0.005970149	0	0	2021	Chrun	Uk-conv-farm	nasal	pig	11-12 weeks	84	Healthy	UK	antibiotic
SRR15657860	0.006051678	0	0	2021	Chrun	Uk-conv-farm	nasal	pig	11-12 weeks	84	Healthy	UK	antibiotic
SRR15657861	0.04262064	0	0	2021	Chrun	Uk-conv-farm	nasal	pig	11-12 weeks	84	Healthy	UK	antibiotic
SRR15657862	0.02417862	0	0	2021	Chrun	Uk-conv-farm	nasal	pig	11-12 weeks	84	Healthy	UK	antibiotic
SRR15657863	0.04487659	0	0	2021	Chrun	Uk-conv-farm	nasal	pig	11-12 weeks	84	Healthy	UK	antibiotic
SRR15657864	0.01749233	0	0	2021	Chrun	Uk-conv-farm	nasal	pig	11-12 weeks	84	Healthy	UK	antibiotic
SRR15657865	0.03655269	0	0	2021	Chrun	Uk-conv-farm	nasal	pig	11-12 weeks	84	Healthy	UK	antibiotic
SRR15657866	0.02230681	0	0	2021	Chrun	Uk-conv-farm	nasal	pig	11-12 weeks	84	Healthy	UK	antibiotic
SRR15657867	0.01094044	0	0	2021	Chrun	Uk-conv-farm	nasal	pig	11-12 weeks	84	Healthy	UK	antibiotic
SRR15657868	0.008677632	0	0	2021	Chrun	Uk-conv-farm	nasal	pig	11-12 weeks	84	Healthy	UK	antibiotic
SRR15657869	0.09768771	0	0	2021	Chrun	Uk-conv-farm	nasal	pig	11-12 weeks	84	Healthy	UK	antibiotic
SRR15657870	0.04568528	0	0	2021	Chrun	Uk-conv-farm	nasal	pig	11-12 weeks	84	Healthy	UK	antibiotic
SRR15657872	0.01326427	0	0	2021	Chrun	Uk-conv-farm	nasal	pig	11-12 weeks	84	Healthy	UK	antibiotic
SRR15657873	0.09792299	0	0	2021	Chrun	Uk-conv-farm	nasal	pig	11-12 weeks	84	Healthy	UK	antibiotic
SRR15657874	0.03739759	0	0	2021	Chrun	Uk-conv-farm	nasal	pig	11-12 weeks	84	Healthy	UK	antibiotic
SRR15657875	0.006931608	0	0	2021	Chrun	Uk-conv-farm	nasal	pig	11-12 weeks	84	Healthy	UK	antibiotic
SRR15657876	0.02449748	0	0	2021	Chrun	Uk-conv-farm	nasal	pig	11-12 weeks	84	Healthy	UK	antibiotic
SRR15657877	0.01616771	0	0	2021	Chrun	Uk-conv-farm	nasal	pig	11-12 weeks	84	Healthy	UK	antibiotic
SRR15657878	0.01791639	0	0	2021	Chrun	Uk-conv-farm	nasal	pig	11-12 weeks	84	Healthy	UK	antibiotic
SRR15657879	0.01221427	0	0	2021	Chrun	Uk-conv-farm	nasal	pig	11-12 weeks	84	Healthy	UK	antibiotic
SRR15657880	0.01163828	0	0	2021	Chrun	Uk-conv-farm	nasal	pig	11-12 weeks	84	Healthy	UK	antibiotic
SRR15657881	0.1012376	0	0	2021	Chrun	Uk-conv-farm	nasal	pig	11-12 weeks	84	Healthy	UK	antibiotic
SRR15657882	0.07791172	0	0	2021	Chrun	Uk-conv-farm	nasal	pig	11-12 weeks	84	Healthy	UK	antibiotic
SRR15657883	0.1738644	0	0	2021	Chrun	Uk-conv-farm	nasal	pig	11-12 weeks	84	Healthy	UK	antibiotic
SRR15657889	0.01953824	0	0	2021	Chrun	Uk-conv-farm	nasal	pig	11-12 weeks	84	Healthy	UK	antibiotic
SRR15657890	0.01425804	0	0	2021	Chrun	Uk-conv-farm	nasal	pig	11-12 weeks	84	Healthy	UK	antibiotic
SRR15657892	0.04072398	0	0	2021	Chrun	Uk-conv-farm	nasal	pig	11-12 weeks	84	Healthy	UK	antibiotic
SRR15657897	0.02465479	0	0	2021	Chrun	Uk-conv-farm	nasal	pig	11-12 weeks	84	Healthy	UK	antibiotic
SRR15657898	0.03503966	0	0	2021	Chrun	Uk-conv-farm	nasal	pig	11-12 weeks	84	Healthy	UK	antibiotic
SRR15657903	0.06107489	0	0	2021	Chrun	Uk-conv-farm	nasal	pig	11-12 weeks	84	Healthy	UK	antibiotic
SRR15657905	0.03164419	0	0	2021	Chrun	Uk-conv-farm	nasal	pig	11-12 weeks	84	Healthy	UK	antibiotic
SRR15657906	0.0007358653	0	0	2021	Chrun	Uk-conv-farm	nasal	pig	11-12 weeks	84	Healthy	UK	antibiotic
SRR15657912	0.05365151	0	0	2021	Chrun	Uk-conv-farm	nasal	pig	11-12 weeks	84	Healthy	UK	antibiotic
SRR15657913	0.01307805	0	0	2021	Chrun	Uk-conv-farm	nasal	pig	11-12 weeks	84	Healthy	UK	antibiotic
SRR15657914	0.1149821	0	0	2021	Chrun	Uk-conv-farm	nasal	pig	11-12 weeks	84	Healthy	UK	antibiotic
SRR15657920	0.03284659	0	0	2021	Chrun	Uk-conv-farm	nasal	pig	11-12 weeks	84	Healthy	UK	antibiotic
SRR15657921	0.003856081	0	0	2021	Chrun	Uk-conv-farm	nasal	pig	11-12 weeks	84	Healthy	UK	antibiotic
SRR15657925	0.0007065944	0	0	2021	Chrun	Uk-conv-farm	nasal	pig	11-12 weeks	84	Healthy	UK	antibiotic
SRR15657930	0.01076124	0	0	2021	Chrun	Uk-conv-farm	nasal	pig	11-12 weeks	84	Healthy	UK	antibiotic
SRR15657931	0.0209826	0	0	2021	Chrun	Uk-conv-farm	nasal	pig	11-12 weeks	84	Healthy	UK	antibiotic
SRR15657932	0.02352273	0	0	2021	Chrun	Uk-conv-farm	nasal	pig	11-12 weeks	84	Healthy	UK	antibiotic
SRR15657938	0.009768839	0	0	2021	Chrun	Uk-conv-farm	nasal	pig	11-12 weeks	84	Healthy	UK	antibiotic
SRR15657939	0.008584114	0	0	2021	Chrun	Uk-conv-farm	nasal	pig	11-12 weeks	84	Healthy	UK	antibiotic
SRR15657940	0.009174039	0	0	2021	Chrun	Uk-conv-farm	nasal	pig	11-12 weeks	84	Healthy	UK	antibiotic
SRR15657946	0.009935682	0	0	2021	Chrun	Uk-conv-farm	nasal	pig	11-12 weeks	84	Healthy	UK	antibiotic
SRR15657947	0.008892263	0	0	2021	Chrun	Uk-conv-farm	nasal	pig	11-12 weeks	84	Healthy	UK	antibiotic
SRR15657950	0.01781377	0	0	2021	Chrun	Uk-conv-farm	nasal	pig	11-12 weeks	84	Healthy	UK	antibiotic
SRR15657954	0.01491724	0	0	2021	Chrun	Uk-conv-farm	nasal	pig	11-12 weeks	84	Healthy	UK	antibiotic
SRR15657955	0.00400052	0	0	2021	Chrun	Uk-conv-farm	nasal	pig	11-12 weeks	84	Healthy	UK	antibiotic
SRR8775602	0.05757026	0.44259973	0	2019	Bordetella	USA-farm	nasal	pig	3-8 weeks	27	Healthy	USA	antibiotic
SRR8775606	0.1151096	0.217723	0	2019	Bordetella	USA-farm	nasal	pig	3-8 weeks	27	Healthy	USA	antibiotic
SRR8775603	0.1955856	0.03815961	0	2019	Bordetella	USA-farm	nasal	pig	3-8 weeks	27	Healthy	USA	antibiotic
SRR8775623	0.13806979	0.01635992	0	2019	Bordetella	USA-farm	nasal	pig	3-8 weeks	27	Healthy	USA	antibiotic
SRR8775624	0.14776715	0.07866392	0	2019	Bordetella	USA-farm	nasal	pig	3-8 weeks	27	Healthy	USA	antibiotic
SRR8775626	0.07488013	0.31178778	0	2019	Bordetella	USA-farm	nasal	pig	3-8 weeks	27	Healthy	USA	antibiotic
SRR8775625	0.203177094	0.001617964	0	2019	Bordetella	USA-farm	nasal	pig	3-8 weeks	27	Healthy	USA	antibiotic
SRR8775619	0.1571871	0	0	2019	Bordetella	USA-farm	nasal	pig	3-8 weeks	27	Healthy	USA	antibiotic
SRR8775620	0.08677193	0.35292557	0	2019	Bordetella	USA-farm	nasal	pig	3-8 weeks	27	Healthy	USA	antibiotic
SRR8775621	0.09664828	0.2023759	0	2019	Bordetella	USA-farm	nasal	pig	3-8 weeks	27	Healthy	USA	antibiotic
SRR8775632	0.09134391	0.44009566	0	2019	Bordetella	USA-farm	nasal	pig	3-8 weeks	27	Healthy	USA	antibiotic
SRR8775622	0.06563023	0.25110696	0	2019	Bordetella	USA-farm	nasal	pig	3-8 weeks	27	Healthy	USA	antibiotic
SRR8775631	0.07378424	0.09521148	0	2019	Bordetella	USA-farm	nasal	pig	3-8 weeks	27	Healthy	USA	antibiotic
SRR8775653	0.1067067	0.1555571	0	2019	Bordetella	USA-farm	nasal	pig	3-8 weeks	27	Healthy	USA	antibiotic
SRR8775652	0.1279331	0.0556349	0	2019	Bordetella	USA-farm	nasal	pig	3-8 weeks	27	Healthy	USA	antibiotic
SRR8775650	0.0939712	0.2082011	0	2019	Bordetella	USA-farm	nasal	pig	3-8 weeks	27	Healthy	USA	antibiotic
SRR8775651	0.0836983	0.06695053	0	2019	Bordetella	USA-farm	nasal	pig	3-8 weeks	27	Healthy	USA	antibiotic
SRR8775657	0.1501733	0.2040266	0	2019	Bordetella	USA-farm	nasal	pig	3-8 weeks	27	Healthy	USA	antibiotic
SRR8775656	0.08028782	0.55027457	0	2019	Bordetella	USA-farm	nasal	pig	3-8 weeks	27	Healthy	USA	antibiotic
SRR8775655	0.1316268	0.106859	0	2019	Bordetella	USA-farm	nasal	pig	3-8 weeks	27	Healthy	USA	antibiotic
SRR8775659	0.1626182	0.2890909	0	2019	Bordetella	USA-farm	nasal	pig	3-8 weeks	27	Healthy	USA	antibiotic
SRR8775654	0.15475056	0.08325389	0	2019	Bordetella	USA-farm	nasal	pig	3-8 weeks	27	Healthy	USA	antibiotic
SRR8775660	0.06084192	0.00541028	0	2019	Bordetella	USA-farm	nasal	pig	3-8 weeks	27	Healthy	USA	antibiotic
SRR8775686	0.089120182	0.001843118	0	2019	Bordetella	USA-farm	nasal	pig	3-8 weeks	27	Healthy	USA	antibiotic
SRR8775687	0.07647206	0.03648208	0	2019	Bordetella	USA-farm	nasal	pig	3-8 weeks	27	Healthy	USA	antibiotic
SRR8775685	0.17677939	0.06580393	0	2019	Bordetella	USA-farm	nasal	pig	3-8 weeks	27	Healthy	USA	antibiotic
SRR8775684	0.1085325476	0.0004556362	0	2019	Bordetella	USA-farm	nasal	pig	3-8 weeks	27	Healthy	USA	antibiotic
SRR8775682	0.1967559412	0.0008298755	0	2019	Bordetella	USA-farm	nasal	pig	3-8 weeks	27	Healthy	USA	antibiotic
SRR8775683	0.08351372	0.1908885	0	2019	Bordetella	USA-farm	nasal	pig	3-8 weeks	27	Healthy	USA	antibiotic
SRR8775680	0.13134058	0.08114035	0	2019	Bordetella	USA-farm	nasal	pig	3-8 weeks	27	Healthy	USA	antibiotic
SRR8775679	0.1578276	0.2901151	0	2019	Bordetella	USA-farm	nasal	pig	3-8 weeks	27	Healthy	USA	antibiotic
SRR8775681	0.08961566	0.16378951	0	2019	Bordetella	USA-farm	nasal	pig	3-8 weeks	27	Healthy	USA	antibiotic
SRR8775678	0.07857285	0.03157477	0	2019	Bordetella	USA-farm	nasal	pig	3-8 weeks	27	Healthy	USA	antibiotic
SRR8775707	0.06088811	0.04954431	0	2019	Bordetella	USA-farm	nasal	pig	3-8 weeks	27	Healthy	USA	antibiotic
SRR8775706	0.08244711	0.04712862	0	2019	Bordetella	USA-farm	nasal	pig	3-8 weeks	27	Healthy	USA	antibiotic
SRR8775708	0.17575927	0.08148458	0	2019	Bordetella	USA-farm	nasal	pig	3-8 weeks	27	Healthy	USA	antibiotic
SRR8775709	0.030158379	0.001296115	0	2019	Bordetella	USA-farm	nasal	pig	3-8 weeks	27	Healthy	USA	antibiotic
SRR8775703	0.05067761	0.004390151	0	2019	Bordetella	USA-farm	nasal	pig	3-8 weeks	27	Healthy	USA	antibiotic
SRR8775702	0.1151048	0.2516882	0	2019	Bordetella	USA-farm	nasal	pig	3-8 weeks	27	Healthy	USA	antibiotic
SRR8775705	0.1150164	0.1139214	0	2019	Bordetella	USA-farm	nasal	pig	3-8 weeks	27	Healthy	USA	antibiotic
SRR8775700	0.1175434	0.2115995	0	2019	Bordetella	USA-farm	nasal	pig	3-8 weeks	27	Healthy	USA	antibiotic
SRR8775704	0.05713369	0.05383808	0	2019	Bordetella	USA-farm	nasal	pig	3-8 weeks	27	Healthy	USA	antibiotic
SRR8775701	0.05966031	0.11516411	0	2019	Bordetella	USA-farm	nasal	pig	3-8 weeks	27	Healthy	USA	antibiotic
SRR8775724	0.06558162	0.1069491	0	2019	Bordetella	USA-farm	nasal	pig	3-8 weeks	27	Healthy	USA	antibiotic
SRR8775725	0.074772915	0.004128819	0	2019	Bordetella	USA-farm	nasal	pig	3-8 weeks	27	Healthy	USA	antibiotic
SRR8775727	0.06393597	0.09293785	0	2019	Bordetella	USA-farm	nasal	pig	3-8 weeks	27	Healthy	USA	antibiotic
SRR8775726	0.063370915	0.001456803	0	2019	Bordetella	USA-farm	nasal	pig	3-8 weeks	27	Healthy	USA	antibiotic
SRR8775728	0.057396328	0.001609243	0	2019	Bordetella	USA-farm	nasal	pig	3-8 weeks	27	Healthy	USA	antibiotic
SRR8775729	0.04579908	0.13173908	0	2019	Bordetella	USA-farm	nasal	pig	3-8 weeks	27	Healthy	USA	antibiotic
SRR8775730	0.155751	0.0998377	0	2019	Bordetella	USA-farm	nasal	pig	3-8 weeks	27	Healthy	USA	antibiotic
SRR8775721	0.1224583	0.1884124	0	2019	Bordetella	USA-farm	nasal	pig	3-8 weeks	27	Healthy	USA	antibiotic
SRR8775731	0.0942208	0.06561546	0	2019	Bordetella	USA-farm	nasal	pig	3-8 weeks	27	Healthy	USA	antibiotic
SRR8775720	0.07729554	0.04472225	0	2019	Bordetella	USA-farm	nasal	pig	3-8 weeks	27	Healthy	USA	antibiotic
SRR8775557	0.1501733	0.2040266	0	2019	Bordetella	USA-farm	nasal	pig	3-8 weeks	27	Healthy	USA	antibiotic
SRR8775556	0.08028782	0.55027457	0	2019	Bordetella	USA-farm	nasal	pig	3-8 weeks	27	Healthy	USA	antibiotic
SRR8775555	0.0401068658	0.0009334664	0	2019	Bordetella	USA-farm	nasal	pig	3-8 weeks	27	Healthy	USA	antibiotic
SRR8775745	0.070769968	0.001676446	0	2019	Bordetella	USA-farm	nasal	pig	3-8 weeks	27	Healthy	USA	antibiotic
SRR8775744	0.05522078	0.18503896	0	2019	Bordetella	USA-farm	nasal	pig	3-8 weeks	27	Healthy	USA	antibiotic
SRR8775743	0.05981069	0.23072397	0	2019	Bordetella	USA-farm	nasal	pig	3-8 weeks	27	Healthy	USA	antibiotic
SRR8775558	0.02646549	0.44061134	0	2019	Bordetella	USA-farm	nasal	pig	3-8 weeks	27	Healthy	USA	antibiotic
SRR8775742	0.1317034	0.2411222	0	2019	Bordetella	USA-farm	nasal	pig	3-8 weeks	27	Healthy	USA	antibiotic
SRR8775559	0.11078412	0.02695063	0	2019	Bordetella	USA-farm	nasal	pig	3-8 weeks	27	Healthy	USA	antibiotic
SRR8775574	0.18234374	0.01230114	0	2019	Bordetella	USA-farm	nasal	pig	3-8 weeks	27	Healthy	USA	antibiotic
SRR8775575	0.157173693	0.003920532	0	2019	Bordetella	USA-farm	nasal	pig	3-8 weeks	27	Healthy	USA	antibiotic
SRR8775573	0.06183465	0.23206139	0	2019	Bordetella	USA-farm	nasal	pig	3-8 weeks	27	Healthy	USA	antibiotic
SRR8775572	0.151854701	0.001806201	0	2019	Bordetella	USA-farm	nasal	pig	3-8 weeks	27	Healthy	USA	antibiotic
SRR8775578	0.1801310488	0.0006104758	0	2019	Bordetella	USA-farm	nasal	pig	3-8 weeks	27	Healthy	USA	antibiotic
SRR8775579	0.06149027	0.22676214	0	2019	Bordetella	USA-farm	nasal	pig	3-8 weeks	27	Healthy	USA	antibiotic
SRR8775576	0.03203678	0.20535172	0	2019	Bordetella	USA-farm	nasal	pig	3-8 weeks	27	Healthy	USA	antibiotic
SRR8775581	0.03912413	0.42772622	0	2019	Bordetella	USA-farm	nasal	pig	3-8 weeks	27	Healthy	USA	antibiotic
SRR8775577	0.04360906	0.06175229	0	2019	Bordetella	USA-farm	nasal	pig	3-8 weeks	27	Healthy	USA	antibiotic
SRR8775580	0.04224862	0.03654947	0	2019	Bordetella	USA-farm	nasal	pig	3-8 weeks	27	Healthy	USA	antibiotic
SRR8775593	0.05888304	0.0269989	0	2019	Bordetella	USA-farm	nasal	pig	3-8 weeks	27	Healthy	USA	antibiotic
SRR8775592	0.06213515	0.00296824	0	2019	Bordetella	USA-farm	nasal	pig	3-8 weeks	27	Healthy	USA	antibiotic
SRR8775594	0.03828484	0.1675641	0	2019	Bordetella	USA-farm	nasal	pig	3-8 weeks	27	Healthy	USA	antibiotic
SRR8775597	0.088055944	0.001482517	0	2019	Bordetella	USA-farm	nasal	pig	3-8 weeks	27	Healthy	USA	antibiotic
SRR8775595	0.05944719	0	0	2019	Bordetella	USA-farm	nasal	pig	3-8 weeks	27	Healthy	USA	antibiotic
SRR8775596	0.02342516	0.13419661	0	2019	Bordetella	USA-farm	nasal	pig	3-8 weeks	27	Healthy	USA	antibiotic
SRR8775599	0.1013117	0.2821211	0	2019	Bordetella	USA-farm	nasal	pig	3-8 weeks	27	Healthy	USA	antibiotic
SRR8775600	0.1566346	0.3072722	0	2019	Bordetella	USA-farm	nasal	pig	3-8 weeks	27	Healthy	USA	antibiotic
SRR8775598	0.09771271	0.08952711	0	2019	Bordetella	USA-farm	nasal	pig	3-8 weeks	27	Healthy	USA	antibiotic
SRR8775601	0.1015547	0.0853434	0	2019	Bordetella	USA-farm	nasal	pig	3-8 weeks	27	Healthy	USA	antibiotic
SRR8775642	0.131973945	0.002548853	0	2019	Bordetella	USA-farm	nasal	pig	3-8 weeks	27	Healthy	USA	antibiotic
SRR8775641	0.16549867	0.02399241	0	2019	Bordetella	USA-farm	nasal	pig	3-8 weeks	27	Healthy	USA	antibiotic
SRR8775644	0.06866346	0.23605538	0	2019	Bordetella	USA-farm	nasal	pig	3-8 weeks	27	Healthy	USA	antibiotic
SRR8775643	0.0624024432	0.0006107906	0	2019	Bordetella	USA-farm	nasal	pig	3-8 weeks	27	Healthy	USA	antibiotic
SRR8775637	0.08272294	0	0	2019	Bordetella	USA-farm	nasal	pig	3-8 weeks	27	Healthy	USA	antibiotic
SRR8775638	0.09138747	0.25393454	0	2019	Bordetella	USA-farm	nasal	pig	3-8 weeks	27	Healthy	USA	antibiotic
SRR8775639	0.01477763	0.13176716	0	2019	Bordetella	USA-farm	nasal	pig	3-8 weeks	27	Healthy	USA	antibiotic
SRR8775636	0.06120352	0.31353617	0	2019	Bordetella	USA-farm	nasal	pig	3-8 weeks	27	Healthy	USA	antibiotic
SRR8775640	0.06148949	0.04356203	0	2019	Bordetella	USA-farm	nasal	pig	3-8 weeks	27	Healthy	USA	antibiotic
SRR8775635	0.09602483	0.04195454	0	2019	Bordetella	USA-farm	nasal	pig	3-8 weeks	27	Healthy	USA	antibiotic
SRR8775665	0.107121579	0.008420384	0	2019	Bordetella	USA-farm	nasal	pig	3-8 weeks	27	Healthy	USA	antibiotic
SRR8775664	0.111379956	0.001287855	0	2019	Bordetella	USA-farm	nasal	pig	3-8 weeks	27	Healthy	USA	antibiotic
SRR8775662	0.0301558	0.134897	0	2019	Bordetella	USA-farm	nasal	pig	3-8 weeks	27	Healthy	USA	antibiotic
SRR8775663	0.095307092	0.003018595	0	2019	Bordetella	USA-farm	nasal	pig	3-8 weeks	27	Healthy	USA	antibiotic
SRR8775667	0.0535849875	0.0006146726	0	2019	Bordetella	USA-farm	nasal	pig	3-8 weeks	27	Healthy	USA	antibiotic
SRR8775666	0.08645963	0.15763975	0	2019	Bordetella	USA-farm	nasal	pig	3-8 weeks	27	Healthy	USA	antibiotic
1-D22	0.061022187	0.004781481	0	2022	A	BCN	nasal	pig	22	22	Healthy	Spain	noant
1-D27	0.004406282	0	0	2022	A	BCN	nasal	pig	27	27	Healthy	Spain	noant
10-D22	0.136864376	0.007879186	0	2022	B	BCN	nasal	pig	22	22	Healthy	Spain	noant
10-D27	0.01770717	0	0	2022	B	BCN	nasal	pig	27	27	Healthy	Spain	noant
11-D22	0.04826649	0	0	2022	B	BCN	nasal	pig	22	22	Healthy	Spain	antibiotic
11-D27	0.019216166	0.0001476544	0	2022	B	BCN	nasal	pig	27	27	Healthy	Spain	antibiotic
12-D22	0.03597302	0	0	2022	A	BCN	nasal	pig	22	22	Healthy	Spain	noant
13-D22	0.01184899	0	0	2022	B	BCN	nasal	pig	22	22	Healthy	Spain	antibiotic
13-D27	0.01087492	0	0	2022	B	BCN	nasal	pig	27	27	Healthy	Spain	antibiotic
19-D22	0.1028221	0	0	2022	B	BCN	nasal	pig	22	22	Healthy	Spain	noant
2-D22	0.06370142	0.00708573	0	2022	A	BCN	nasal	pig	22	22	Healthy	Spain	antibiotic
2-D22-B	0.05944518	0.01164885	0	2022	B	BCN	nasal	pig	22	22	Healthy	Spain	antibiotic
2-D27	0.012251503	0.001791493	0	2022	A	BCN	nasal	pig	27	27	Healthy	Spain	antibiotic
20-D22	0.040764744	0.009073234	0	2022	A	BCN	nasal	pig	22	22	Healthy	Spain	antibiotic
20-D27	0.01215332	0	0	2022	B	BCN	nasal	pig	27	27	Healthy	Spain	antibiotic
21-D22	0.01820988	0	0	2022	B	BCN	nasal	pig	22	22	Healthy	Spain	antibiotic
21-D27	0.01502366	0	0	2022	A	BCN	nasal	pig	27	27	Healthy	Spain	antibiotic
28-D22	0.02600947	0	0	2022	A	BCN	nasal	pig	22	22	Healthy	Spain	noant
28-D27	0.03481292	0	0	2022	B	BCN	nasal	pig	27	27	Healthy	Spain	noant
29-D22	0.01757267	0	0	2022	B	BCN	nasal	pig	22	22	Healthy	Spain	antibiotic
29-D27	0.003514508	0	0	2022	B	BCN	nasal	pig	27	27	Healthy	Spain	antibiotic
32-D27	0.008108108	0	0	2022	B	BCN	nasal	pig	27	27	Healthy	Spain	antibiotic
37-D24	0.1154505	0.00898329	0	2022	A	BCN	nasal	pig	24	24	Healthy	Spain	noant
37-D27	0.02550186	0.77395538	0	2022	A	BCN	nasal	pig	27	27	Healthy	Spain	noant
38-D24	0.05937399	0.01919974	0	2022	A	BCN	nasal	pig	24	24	Healthy	Spain	noant
38-D27	0.05543572	0.016717	0	2022	A	BCN	nasal	pig	27	27	Healthy	Spain	noant
39-D24	0.089032258	0.003760369	0	2022	A	BCN	nasal	pig	24	24	Healthy	Spain	noant
39-D27	0.1312871	0.4930359	0	2022	A	BCN	nasal	pig	27	27	Healthy	Spain	noant
4-D22	0.005543823	0	0	2022	A	BCN	nasal	pig	22	22	Healthy	Spain	noant
4-D27	0.01602145	0	0	2022	A	BCN	nasal	pig	27	27	Healthy	Spain	noant
42-D24	0.005543823	0	0	2022	B	BCN	nasal	pig	24	24	Healthy	Spain	noant
42-D27	0.01602145	0	0	2022	B	BCN	nasal	pig	27	27	Healthy	Spain	noant
43-D24	0.115184	0.1788853	0	2022	B	BCN	nasal	pig	24	24	Healthy	Spain	noant
43-D27	0.03918182	0.32074046	0	2022	B	BCN	nasal	pig	27	27	Healthy	Spain	noant
45-D24	0.03276807	0	0	2022	B	BCN	nasal	pig	24	24	Healthy	Spain	noant
45-D27	0.006856682	0.47364883	0	2022	B	BCN	nasal	pig	27	27	Healthy	Spain	noant
47-D24	0.04237254	0.005029979	0	2022	A	BCN	nasal	pig	24	24	Healthy	Spain	noant
47-D27	0.02436817	0.50602242	0	2022	A	BCN	nasal	pig	27	27	Healthy	Spain	noant
48-D24	0.1096139	0	0	2022	B	BCN	nasal	pig	24	24	Healthy	Spain	noant
48-D27	0.01878062	0.67882417	0	2022	A	BCN	nasal	pig	27	27	Healthy	Spain	noant
50-D24	0.06368621	0.09732181	0	2022	B	BCN	nasal	pig	24	24	Healthy	Spain	noant
50-D27	0.04996265	0.02672421	0	2022	A	BCN	nasal	pig	27	27	Healthy	Spain	noant
51-D24	0.15992231	0.05499557	0	2022	A	BCN	nasal	pig	24	24	Healthy	Spain	noant
51-D27	0.06406575	0.02865697	0	2022	A	BCN	nasal	pig	27	27	Healthy	Spain	noant
54-D24	0.05250239	0.31663685	0	2022	B	BCN	nasal	pig	24	24	Healthy	Spain	noant
54-D27	0.18541317	0.06217745	0	2022	B	BCN	nasal	pig	27	27	Healthy	Spain	noant
6-D22	0.04115563	0.04360861	0	2022	A	BCN	nasal	pig	22	22	Healthy	Spain	antibiotic
6-D27	0.01962906	0	0	2022	A	BCN	nasal	pig	27	27	Healthy	Spain	antibiotic
7-D22	0.01277609	0	0	2022	B	BCN	nasal	pig	22	22	Healthy	Spain	noant
7-D27	0.02037194	0	0	2022	B	BCN	nasal	pig	27	27	Healthy	Spain	noant
