ID	Year	Run	Farm	Niche	Animal	Sample-time	Pig_Age	Health_status	Country	Treatment	State
EJ11	2015	FOURTHa	EJ	nasal	pig	3-4 weeks	22	Glasser	Spain	antibiotic	Disease
EJ19	2015	FOURTHa	EJ	nasal	pig	3-4 weeks	22	Glasser	Spain	antibiotic	Disease
EJ25	2015	FOURTHa	EJ	nasal	pig	3-4 weeks	22	Glasser	Spain	antibiotic	Disease
EJ7	2015	FOURTHa	EJ	nasal	pig	3-4 weeks	22	Glasser	Spain	antibiotic	Disease
EJ5	2015	FOURTHa	EJ	nasal	pig	3-4 weeks	22	Glasser	Spain	antibiotic	Disease
GM5	2015	FIFTH	GM	nasal	pig	3-4 weeks	22	Healthy	Spain	antibiotic	Healthy
GM4	2015	FIFTH	GM	nasal	pig	3-4 weeks	22	Healthy	Spain	antibiotic	Healthy
GM3	2015	FIFTH	GM	nasal	pig	3-4 weeks	22	Healthy	Spain	antibiotic	Healthy
GM2	2015	FIFTH	GM	nasal	pig	3-4 weeks	22	Healthy	Spain	antibiotic	Healthy
GM1	2015	FIFTH	GM	nasal	pig	3-4 weeks	22	Healthy	Spain	antibiotic	Healthy
GM10	2015	SIXTH	GM	nasal	pig	3-4 weeks	22	Healthy	Spain	antibiotic	Healthy
GM8	2015	SIXTH	GM	nasal	pig	3-4 weeks	22	Healthy	Spain	antibiotic	Healthy
GM9	2015	SIXTH	GM	nasal	pig	3-4 weeks	22	Healthy	Spain	antibiotic	Healthy
GM6	2015	SIXTH	GM	nasal	pig	3-4 weeks	22	Healthy	Spain	antibiotic	Healthy
GM7	2015	SIXTH	GM	nasal	pig	3-4 weeks	22	Healthy	Spain	antibiotic	Healthy
GW-3	2015	SECOND	GW	nasal	pig	3-4 weeks	22	Healthy	UK	antibiotic	Healthy
GW-4	2015	SECOND	GW	nasal	pig	3-4 weeks	22	Healthy	UK	antibiotic	Healthy
GW-5	2015	SECOND	GW	nasal	pig	3-4 weeks	22	Healthy	UK	antibiotic	Healthy
GW-6	2015	SECOND	GW	nasal	pig	3-4 weeks	22	Healthy	UK	antibiotic	Healthy
GW-7	2015	SECOND	GW	nasal	pig	3-4 weeks	22	Healthy	UK	antibiotic	Healthy
GW-8	2015	SECOND	GW	nasal	pig	3-4 weeks	22	Healthy	UK	antibiotic	Healthy
GW-9	2015	SECOND	GW	nasal	pig	3-4 weeks	22	Healthy	UK	antibiotic	Healthy
GW-10	2015	SECOND	GW	nasal	pig	3-4 weeks	22	Healthy	UK	antibiotic	Healthy
KD1	2015	SECOND	KD	nasal	pig	3-4 weeks	22	Healthy	UK	noant	Healthy
KD3	2015	SECOND	KD	nasal	pig	3-4 weeks	22	Healthy	UK	noant	Healthy
KD5	2015	SECOND	KD	nasal	pig	3-4 weeks	22	Healthy	UK	noant	Healthy
KD7	2015	SECOND	KD	nasal	pig	3-4 weeks	22	Healthy	UK	noant	Healthy
KD9	2015	SECOND	KD	nasal	pig	3-4 weeks	22	Healthy	UK	noant	Healthy
LG1	2015	FOURTHa	LG	nasal	pig	3-4 weeks	22	Healthy	UK	noant	Healthy
LG3	2015	FOURTHa	LG	nasal	pig	3-4 weeks	22	Healthy	UK	noant	Healthy
LG5	2015	FOURTHa	LG	nasal	pig	3-4 weeks	22	Healthy	UK	noant	Healthy
LG7	2015	FOURTHa	LG	nasal	pig	3-4 weeks	22	Healthy	UK	noant	Healthy
LG9	2015	FOURTHa	LG	nasal	pig	3-4 weeks	22	Healthy	UK	noant	Healthy
MC6095	2015	SIXTH	MC	nasal	pig	3-4 weeks	22	Glasser	Spain	antibiotic	Disease
MC6062	2015	SIXTH	MC	nasal	pig	3-4 weeks	22	Glasser	Spain	antibiotic	Disease
MC6081	2015	SIXTH	MC	nasal	pig	3-4 weeks	22	Glasser	Spain	antibiotic	Disease
MC6094	2015	SIXTH	MC	nasal	pig	3-4 weeks	22	Glasser	Spain	antibiotic	Disease
MC2035	2015	SIXTH	MC	nasal	pig	3-4 weeks	22	Glasser	Spain	antibiotic	Disease
MC2029	2015	SIXTH	MC	nasal	pig	3-4 weeks	22	Glasser	Spain	antibiotic	Disease
MC6060	2015	SIXTH	MC	nasal	pig	3-4 weeks	22	Glasser	Spain	antibiotic	Disease
MC2023	2015	SIXTH	MC	nasal	pig	3-4 weeks	22	Glasser	Spain	antibiotic	Disease
MC2038	2015	SIXTH	MC	nasal	pig	3-4 weeks	22	Glasser	Spain	antibiotic	Disease
MC1518	2015	SIXTH	MC	nasal	pig	3-4 weeks	22	Glasser	Spain	antibiotic	Disease
MTT7	2015	FOURTHb	MT	nasal	pig	3-4 weeks	22	Glasser	Spain	antibiotic	Disease
MTT9	2015	FOURTHb	MT	nasal	pig	3-4 weeks	22	Glasser	Spain	antibiotic	Disease
MT251	2015	FOURTHb	MT	nasal	pig	3-4 weeks	22	Glasser	Spain	antibiotic	Disease
MTT5	2015	FOURTHb	MT	nasal	pig	3-4 weeks	22	Glasser	Spain	antibiotic	Disease
MT225	2015	FOURTHb	MT	nasal	pig	3-4 weeks	22	Glasser	Spain	antibiotic	Disease
MT257	2015	FOURTHb	MT	nasal	pig	3-4 weeks	22	Glasser	Spain	antibiotic	Disease
PRAT11	2015	FIFTH	PT	nasal	pig	3-4 weeks	22	Healthy	Spain	antibiotic	Healthy
PRAT9	2015	FIFTH	PT	nasal	pig	3-4 weeks	22	Healthy	Spain	antibiotic	Healthy
PRAT7	2015	FIFTH	PT	nasal	pig	3-4 weeks	22	Healthy	Spain	antibiotic	Healthy
PRAT8	2015	FIFTH	PT	nasal	pig	3-4 weeks	22	Healthy	Spain	antibiotic	Healthy
PRAT6	2015	FIFTH	PT	nasal	pig	3-4 weeks	22	Healthy	Spain	antibiotic	Healthy
VL1	2015	FOURTHb	VL	nasal	pig	3-4 weeks	22	Healthy	Spain	antibiotic	Healthy
VL3	2015	FOURTHb	VL	nasal	pig	3-4 weeks	22	Healthy	Spain	antibiotic	Healthy
VL5	2015	FOURTHb	VL	nasal	pig	3-4 weeks	22	Healthy	Spain	antibiotic	Healthy
VL7	2015	FOURTHb	VL	nasal	pig	3-4 weeks	22	Healthy	Spain	antibiotic	Healthy
VL9	2015	FOURTHb	VL	nasal	pig	3-4 weeks	22	Healthy	Spain	antibiotic	Healthy
MC6100	2016	APRIL	MC	nasal	pig	3-4 weeks	22	Healthy	Spain	noant	Healthy
MC6197	2016	APRIL	MC	nasal	pig	3-4 weeks	22	Healthy	Spain	noant	Healthy
MC6099	2016	APRIL	MC	nasal	pig	3-4 weeks	22	Healthy	Spain	noant	Healthy
MC4600	2016	APRIL	MC	nasal	pig	3-4 weeks	22	Healthy	Spain	noant	Healthy
MC4594	2016	APRIL	MC	nasal	pig	3-4 weeks	22	Healthy	Spain	noant	Healthy
MC1705	2016	APRIL	MC	nasal	pig	3-4 weeks	22	Healthy	Spain	noant	Healthy
MC1704	2016	APRIL	MC	nasal	pig	3-4 weeks	22	Healthy	Spain	noant	Healthy
MC1703	2016	APRIL	MC	nasal	pig	3-4 weeks	22	Healthy	Spain	noant	Healthy
MC1701	2016	APRIL	MC	nasal	pig	3-4 weeks	22	Healthy	Spain	noant	Healthy
MC1702	2016	APRIL	MC	nasal	pig	3-4 weeks	22	Healthy	Spain	noant	Healthy
MT1	2016	APRIL	MT	nasal	pig	3-4 weeks	22	Healthy	Spain	noant	Healthy
MT2	2016	APRIL	MT	nasal	pig	3-4 weeks	22	Healthy	Spain	noant	Healthy
MT3	2016	APRIL	MT	nasal	pig	3-4 weeks	22	Healthy	Spain	noant	Healthy
MT5	2016	APRIL	MT	nasal	pig	3-4 weeks	22	Healthy	Spain	noant	Healthy
MT6	2016	APRIL	MT	nasal	pig	3-4 weeks	22	Healthy	Spain	noant	Healthy
MT7	2016	APRIL	MT	nasal	pig	3-4 weeks	22	Healthy	Spain	noant	Healthy
MT8	2016	APRIL	MT	nasal	pig	3-4 weeks	22	Healthy	Spain	noant	Healthy
MT9	2016	APRIL	MT	nasal	pig	3-4 weeks	22	Healthy	Spain	noant	Healthy
MG-1	2018	MAYO-AB	MT	nasal	pig	3-4 weeks	22	Healthy	Spain	noant	Healthy
MG-10	2018	MAYO-AB	MT	nasal	pig	3-4 weeks	22	Healthy	Spain	noant	Healthy
MG-13	2018	MAYO-AB	MT	nasal	pig	3-4 weeks	22	Healthy	Spain	noant	Healthy
MG-14	2018	MAYO-AB	MT	nasal	pig	3-4 weeks	22	Healthy	Spain	noant	Healthy
MG-15	2018	MAYO-AB	MT	nasal	pig	3-4 weeks	22	Healthy	Spain	noant	Healthy
MG-16	2018	MAYO-AB	MT	nasal	pig	3-4 weeks	22	Healthy	Spain	noant	Healthy
MG-2	2018	MAYO-AB	MT	nasal	pig	3-4 weeks	22	Healthy	Spain	noant	Healthy
MG-20	2018	MAYO-AB	MT	nasal	pig	3-4 weeks	22	Healthy	Spain	noant	Healthy
MG-5	2018	MAYO-AB	MT	nasal	pig	3-4 weeks	22	Healthy	Spain	noant	Healthy
MG-6	2018	MAYO-AB	MT	nasal	pig	3-4 weeks	22	Healthy	Spain	noant	Healthy
MG-9	2018	MAYO-AB	MT	nasal	pig	3-4 weeks	22	Healthy	Spain	noant	Healthy
MGT-19	2018	MAYO-AB	MT	nasal	pig	3-4 weeks	22	Healthy	Spain	noant	Healthy
C12-D15	2018	ENERO18_PROBIOTICS-RUN1	P3	nasal	pig	D15	15	Healthy	Spain	noant	Healthy
C8-D15	2018	ENERO18_PROBIOTICS-RUN1	P3	nasal	pig	D15	15	Healthy	Spain	noant	Healthy
D5-D15	2018	ENERO18_PROBIOTICS-RUN1	P3	nasal	pig	D15	15	Healthy	Spain	noant	Healthy
C13-D15	2018	ENERO18_PROBIOTICS-RUN2	P3	nasal	pig	D15	15	Healthy	Spain	noant	Healthy
C9-D15	2018	ENERO18_PROBIOTICS-RUN2	P3	nasal	pig	D15	15	Healthy	Spain	noant	Healthy
D1-D15	2018	ENERO18_PROBIOTICS-RUN2	P3	nasal	pig	D15	15	Healthy	Spain	noant	Healthy
D6-D15	2018	ENERO18_PROBIOTICS-RUN2	P3	nasal	pig	D15	15	Healthy	Spain	noant	Healthy
C10-D15	2018	ENERO18_PROBIOTICS-RUN3	P3	nasal	pig	D15	15	Healthy	Spain	noant	Healthy
C14-D15	2018	ENERO18_PROBIOTICS-RUN3	P3	nasal	pig	D15	15	Healthy	Spain	noant	Healthy
D2-D15	2018	ENERO18_PROBIOTICS-RUN3	P3	nasal	pig	D15	15	Healthy	Spain	noant	Healthy
112L	2020	LOURDES-nasal-IBB	farm-ASN	nasal	pig	21	22	Healthy	Spain	noant	Healthy
111L	2020	LOURDES-nasal-IBB	farm-ASN	nasal	pig	21	22	Healthy	Spain	noant	Healthy
114L	2020	LOURDES-nasal-IBB	farm-ASN	nasal	pig	21	22	Healthy	Spain	noant	Healthy
204	2020	LOURDES-nasal-IBB	farm-ASN	nasal	pig	21	22	Healthy	Spain	noant	Healthy
369	2020	LOURDES-nasal-IBB	farm-ASN	nasal	pig	21	22	Healthy	Spain	noant	Healthy
400	2020	LOURDES-nasal-IBB	farm-ASN	nasal	pig	21	22	Healthy	Spain	noant	Healthy
405	2020	LOURDES-nasal-IBB	farm-ASN	nasal	pig	21	22	Healthy	Spain	noant	Healthy
455	2020	LOURDES-nasal-IBB	farm-ASN	nasal	pig	21	22	Healthy	Spain	noant	Healthy
456	2020	LOURDES-nasal-IBB	farm-ASN	nasal	pig	21	22	Healthy	Spain	noant	Healthy
556	2020	LOURDES-nasal-IBB	farm-ASN	nasal	pig	21	22	Healthy	Spain	noant	Healthy
557	2020	LOURDES-nasal-IBB	farm-ASN	nasal	pig	21	22	Healthy	Spain	noant	Healthy
570	2020	LOURDES-nasal-IBB	farm-ASN	nasal	pig	21	22	Healthy	Spain	noant	Healthy
571	2020	LOURDES-nasal-IBB	farm-ASN	nasal	pig	21	22	Healthy	Spain	noant	Healthy
639	2020	LOURDES-nasal-IBB	farm-ASN	nasal	pig	21	22	Healthy	Spain	noant	Healthy
642	2020	LOURDES-nasal-IBB	farm-ASN	nasal	pig	21	22	Healthy	Spain	noant	Healthy
652	2020	LOURDES-nasal-IBB	farm-ASN	nasal	pig	21	22	Healthy	Spain	noant	Healthy
654	2020	LOURDES-nasal-IBB	farm-ASN	nasal	pig	21	22	Healthy	Spain	noant	Healthy
667	2020	LOURDES-nasal-IBB	farm-ASN	nasal	pig	21	22	Healthy	Spain	noant	Healthy
669	2020	LOURDES-nasal-IBB	farm-ASN	nasal	pig	21	22	Healthy	Spain	noant	Healthy
443N-DNA	2023	vaccin_response_run1	farmG3	nasal	pig	3-4 weeks	22	Healthy	Spain	antibiotic	Healthy
448N-DNA	2023	vaccin_response_run1	farmG3	nasal	pig	3-4 weeks	22	Healthy	Spain	antibiotic	Healthy
452N-DNA	2023	vaccin_response_run1	farmG3	nasal	pig	3-4 weeks	22	Healthy	Spain	antibiotic	Healthy
456N-DNA	2023	vaccin_response_run1	farmG3	nasal	pig	3-4 weeks	22	Healthy	Spain	antibiotic	Healthy
460N-DNA	2023	vaccin_response_run1	farmG3	nasal	pig	3-4 weeks	22	Healthy	Spain	antibiotic	Healthy
464N-DNA	2023	vaccin_response_run1	farmG3	nasal	pig	3-4 weeks	22	Healthy	Spain	antibiotic	Healthy
480N-DNA	2023	vaccin_response_run1	farmG3	nasal	pig	3-4 weeks	22	Healthy	Spain	antibiotic	Healthy
484N-DNA	2023	vaccin_response_run1	farmG3	nasal	pig	3-4 weeks	22	Healthy	Spain	antibiotic	Healthy
577N-DNA	2023	vaccin_response_run1	farmFD2	nasal	pig	3-4 weeks	22	Healthy	Spain	antibiotic	Healthy
578N-DNA	2023	vaccin_response_run1	farmFD2	nasal	pig	3-4 weeks	22	Healthy	Spain	antibiotic	Healthy
579N-DNA	2023	vaccin_response_run1	farmFD2	nasal	pig	3-4 weeks	22	Healthy	Spain	antibiotic	Healthy
580N-DNA	2023	vaccin_response_run1	farmFD2	nasal	pig	3-4 weeks	22	Healthy	Spain	antibiotic	Healthy
581N-DNA	2023	vaccin_response_run1	farmFD2	nasal	pig	3-4 weeks	22	Healthy	Spain	antibiotic	Healthy
583N-DNA	2023	vaccin_response_run1	farmFD2	nasal	pig	3-4 weeks	22	Healthy	Spain	antibiotic	Healthy
584N-DNA	2023	vaccin_response_run1	farmFD2	nasal	pig	3-4 weeks	22	Healthy	Spain	antibiotic	Healthy
585N-DNA	2023	vaccin_response_run1	farmFD2	nasal	pig	3-4 weeks	22	Healthy	Spain	antibiotic	Healthy
682N-DNA	2023	vaccin_response_run1	farmFD1	nasal	pig	3-4 weeks	22	Healthy	Spain	antibiotic	Healthy
683N-DNA	2023	vaccin_response_run1	farmFD1	nasal	pig	3-4 weeks	22	Healthy	Spain	antibiotic	Healthy
684N-DNA	2023	vaccin_response_run1	farmFD1	nasal	pig	3-4 weeks	22	Healthy	Spain	antibiotic	Healthy
687N-DNA	2023	vaccin_response_run1	farmFD1	nasal	pig	3-4 weeks	22	Healthy	Spain	antibiotic	Healthy
689N-DNA	2023	vaccin_response_run1	farmFD1	nasal	pig	3-4 weeks	22	Healthy	Spain	antibiotic	Healthy
690N-DNA	2023	vaccin_response_run1	farmFD1	nasal	pig	3-4 weeks	22	Healthy	Spain	antibiotic	Healthy
691N-DNA	2023	vaccin_response_run1	farmFD1	nasal	pig	3-4 weeks	22	Healthy	Spain	antibiotic	Healthy
694N-DNA	2023	vaccin_response_run1	farmFD1	nasal	pig	3-4 weeks	22	Healthy	Spain	antibiotic	Healthy
DNA1-NS-Deep	2023	fecal_contam_run1	cresa	nasal	pig	3-4 weeks	22	Healthy	Spain	antibiotic	Healthy
DNA1-NS-External	2023	fecal_contam_run1	cresa	nasal	pig	3-4 weeks	22	Healthy	Spain	antibiotic	Healthy
DNA1-NS-Middle	2023	fecal_contam_run1	cresa	nasal	pig	3-4 weeks	22	Healthy	Spain	antibiotic	Healthy
DNA1-NS-Standard	2023	fecal_contam_run1	cresa	nasal	pig	3-4 weeks	22	Healthy	Spain	antibiotic	Healthy
DNA2-NS-Deep	2023	fecal_contam_run1	cresa	nasal	pig	3-4 weeks	22	Healthy	Spain	antibiotic	Healthy
DNA2-NS-External	2023	fecal_contam_run1	cresa	nasal	pig	3-4 weeks	22	Healthy	Spain	antibiotic	Healthy
DNA2-NS-Middle	2023	fecal_contam_run1	cresa	nasal	pig	3-4 weeks	22	Healthy	Spain	antibiotic	Healthy
DNA2-NS-Standard	2023	fecal_contam_run1	cresa	nasal	pig	3-4 weeks	22	Healthy	Spain	antibiotic	Healthy
DNA3-NS-Deep	2023	fecal_contam_run1	cresa	nasal	pig	3-4 weeks	22	Healthy	Spain	antibiotic	Healthy
DNA3-NS-External	2023	fecal_contam_run1	cresa	nasal	pig	3-4 weeks	22	Healthy	Spain	antibiotic	Healthy
DNA3-NS-Middle	2023	fecal_contam_run1	cresa	nasal	pig	3-4 weeks	22	Healthy	Spain	antibiotic	Healthy
DNA3-NS-Standard	2023	fecal_contam_run1	cresa	nasal	pig	3-4 weeks	22	Healthy	Spain	antibiotic	Healthy
DNA4-NS-Deep	2023	fecal_contam_run1	cresa	nasal	pig	3-4 weeks	22	Healthy	Spain	antibiotic	Healthy
DNA4-NS-External	2023	fecal_contam_run1	cresa	nasal	pig	3-4 weeks	22	Healthy	Spain	antibiotic	Healthy
DNA4-NS-Middle	2023	fecal_contam_run1	cresa	nasal	pig	3-4 weeks	22	Healthy	Spain	antibiotic	Healthy
DNA4-NS-Standard	2023	fecal_contam_run1	cresa	nasal	pig	3-4 weeks	22	Healthy	Spain	antibiotic	Healthy
DNA5-NS-Deep	2023	fecal_contam_run1	cresa	nasal	pig	3-4 weeks	22	Healthy	Spain	antibiotic	Healthy
DNA5-NS-External	2023	fecal_contam_run1	cresa	nasal	pig	3-4 weeks	22	Healthy	Spain	antibiotic	Healthy
DNA5-NS-Middle	2023	fecal_contam_run1	cresa	nasal	pig	3-4 weeks	22	Healthy	Spain	antibiotic	Healthy
DNA5-NS-Standard	2023	fecal_contam_run1	cresa	nasal	pig	3-4 weeks	22	Healthy	Spain	antibiotic	Healthy
41	2023	PRRSV_RUN2	PRRSV	nasal	pig	3-4 weeks	22	PRSSV	Spain	antibiotic	Disease
42	2023	PRRSV_RUN2	PRRSV	nasal	pig	3-4 weeks	22	PRSSV	Spain	antibiotic	Disease
61	2023	PRRSV_RUN2	PRRSV	nasal	pig	3-4 weeks	22	PRSSV	Spain	antibiotic	Disease
63	2023	PRRSV_RUN2	PRRSV	nasal	pig	3-4 weeks	22	PRSSV	Spain	antibiotic	Disease
71	2023	PRRSV_RUN2	PRRSV	nasal	pig	3-4 weeks	22	PRSSV	Spain	antibiotic	Disease
72	2023	PRRSV_RUN2	PRRSV	nasal	pig	3-4 weeks	22	PRSSV	Spain	antibiotic	Disease
73	2023	PRRSV_RUN2	PRRSV	nasal	pig	3-4 weeks	22	PRSSV	Spain	antibiotic	Disease
76	2023	PRRSV_RUN2	PRRSV	nasal	pig	3-4 weeks	22	PRSSV	Spain	antibiotic	Disease
90	2023	PRRSV_RUN2	PRRSV	nasal	pig	3-4 weeks	22	PRSSV	Spain	antibiotic	Disease
92	2023	PRRSV_RUN2	PRRSV	nasal	pig	3-4 weeks	22	PRSSV	Spain	antibiotic	Disease
93	2023	PRRSV_RUN2	PRRSV	nasal	pig	3-4 weeks	22	PRSSV	Spain	antibiotic	Disease
94	2023	PRRSV_RUN2	PRRSV	nasal	pig	3-4 weeks	22	PRSSV	Spain	antibiotic	Disease
95	2023	PRRSV_RUN2	PRRSV	nasal	pig	3-4 weeks	22	PRSSV	Spain	antibiotic	Disease
96	2023	PRRSV_RUN2	PRRSV	nasal	pig	3-4 weeks	22	PRSSV	Spain	antibiotic	Disease
101	2023	PRRSV_RUN2	PRRSV	nasal	pig	3-4 weeks	22	PRSSV	Spain	antibiotic	Disease
103	2023	PRRSV_RUN2	PRRSV	nasal	pig	3-4 weeks	22	PRSSV	Spain	antibiotic	Disease
104	2023	PRRSV_RUN2	PRRSV	nasal	pig	3-4 weeks	22	PRSSV	Spain	antibiotic	Disease
105	2023	PRRSV_RUN2	PRRSV	nasal	pig	3-4 weeks	22	PRSSV	Spain	antibiotic	Disease
106	2023	PRRSV_RUN2	PRRSV	nasal	pig	3-4 weeks	22	PRSSV	Spain	antibiotic	Disease
107	2023	PRRSV_RUN2	PRRSV	nasal	pig	3-4 weeks	22	PRSSV	Spain	antibiotic	Disease
108	2023	PRRSV_RUN2	PRRSV	nasal	pig	3-4 weeks	22	PRSSV	Spain	antibiotic	Disease
117	2023	PRRSV_RUN2	PRRSV	nasal	pig	3-4 weeks	22	PRSSV	Spain	antibiotic	Disease
81	2023	PRRSV_RUN1	PRRSV	nasal	pig	3-4 weeks	22	PRSSV	Spain	antibiotic	Disease
82	2023	PRRSV_RUN1	PRRSV	nasal	pig	3-4 weeks	22	PRSSV	Spain	antibiotic	Disease
83	2023	PRRSV_RUN1	PRRSV	nasal	pig	3-4 weeks	22	PRSSV	Spain	antibiotic	Disease
84	2023	PRRSV_RUN1	PRRSV	nasal	pig	3-4 weeks	22	PRSSV	Spain	antibiotic	Disease
85	2023	PRRSV_RUN1	PRRSV	nasal	pig	3-4 weeks	22	PRSSV	Spain	antibiotic	Disease
86	2023	PRRSV_RUN1	PRRSV	nasal	pig	3-4 weeks	22	PRSSV	Spain	antibiotic	Disease
87	2023	PRRSV_RUN1	PRRSV	nasal	pig	3-4 weeks	22	PRSSV	Spain	antibiotic	Disease
88	2023	PRRSV_RUN1	PRRSV	nasal	pig	3-4 weeks	22	PRSSV	Spain	antibiotic	Disease
98	2023	PRRSV_RUN1	PRRSV	nasal	pig	3-4 weeks	22	PRSSV	Spain	antibiotic	Disease
99	2023	PRRSV_RUN1	PRRSV	nasal	pig	3-4 weeks	22	PRSSV	Spain	antibiotic	Disease
100	2023	PRRSV_RUN1	PRRSV	nasal	pig	3-4 weeks	22	PRSSV	Spain	antibiotic	Disease
110	2023	PRRSV_RUN1	PRRSV	nasal	pig	3-4 weeks	22	PRSSV	Spain	antibiotic	Disease
111	2023	PRRSV_RUN1	PRRSV	nasal	pig	3-4 weeks	22	PRSSV	Spain	antibiotic	Disease
112	2023	PRRSV_RUN1	PRRSV	nasal	pig	3-4 weeks	22	PRSSV	Spain	antibiotic	Disease
113	2023	PRRSV_RUN1	PRRSV	nasal	pig	3-4 weeks	22	PRSSV	Spain	antibiotic	Disease
115	2023	PRRSV_RUN1	PRRSV	nasal	pig	3-4 weeks	22	PRSSV	Spain	antibiotic	Disease
116	2023	PRRSV_RUN1	PRRSV	nasal	pig	3-4 weeks	22	PRSSV	Spain	antibiotic	Disease
112-D21	2018	B	BARO	nasal	pig	D21	22	Disease	Spain	noant	Disease
123-D21	2018	A	BARO	nasal	pig	D21	22	Disease	Spain	noant	Disease
129-D21	2018	B	BARO	nasal	pig	D21	22	Disease	Spain	noant	Disease
2714-D21	2018	C	BARO	nasal	pig	D21	22	Disease	Spain	antibiotic	Disease
334-D21	2018	B	BARO	nasal	pig	D21	22	Disease	Spain	noant	Disease
351-D21	2018	B	BARO	nasal	pig	D21	22	Disease	Spain	noant	Disease
358-D21	2018	A	BARO	nasal	pig	D21	22	Disease	Spain	noant	Disease
508-D21	2018	B	BARO	nasal	pig	D21	22	Disease	Spain	noant	Disease
516-D21	2018	B	BARO	nasal	pig	D21	22	Disease	Spain	noant	Disease
554-D21	2018	A	BARO	nasal	pig	D21	22	Disease	Spain	noant	Disease
6-D21	2018	B	BARO	nasal	pig	D21	22	Disease	Spain	noant	Disease
629-D21	2018	B	BARO	nasal	pig	D21	22	Disease	Spain	noant	Disease
75-D21	2018	A	BARO	nasal	pig	D21	22	Disease	Spain	noant	Disease
831-D21	2018	B	BARO	nasal	pig	D21	22	Disease	Spain	noant	Disease
861-D21	2018	B	BARO	nasal	pig	D21	22	Disease	Spain	noant	Disease
889-D21	2018	A	BARO	nasal	pig	D21	22	Disease	Spain	noant	Disease
SRR14261948	2021	Patel	Netherlans-farm	nasal	pig	0 to 6 weeks	28	Healthy	Netherlands	noant	Healthy
SRR14261949	2021	Patel	Netherlans-farm	nasal	pig	0 to 6 weeks	28	Healthy	Netherlands	noant	Healthy
SRR14261950	2021	Patel	Netherlans-farm	nasal	pig	0 to 6 weeks	28	Healthy	Netherlands	noant	Healthy
SRR14261951	2021	Patel	Netherlans-farm	nasal	pig	0 to 6 weeks	28	Healthy	Netherlands	noant	Healthy
SRR14261952	2021	Patel	Netherlans-farm	nasal	pig	0 to 6 weeks	28	Healthy	Netherlands	noant	Healthy
SRR14261953	2021	Patel	Netherlans-farm	nasal	pig	0 to 6 weeks	28	Healthy	Netherlands	noant	Healthy
SRR14261954	2021	Patel	Netherlans-farm	nasal	pig	0 to 6 weeks	28	Healthy	Netherlands	noant	Healthy
SRR14261955	2021	Patel	Netherlans-farm	nasal	pig	0 to 6 weeks	28	Healthy	Netherlands	noant	Healthy
SRR14261956	2021	Patel	Netherlans-farm	nasal	pig	0 to 6 weeks	28	Healthy	Netherlands	noant	Healthy
SRR14261957	2021	Patel	Netherlans-farm	nasal	pig	0 to 6 weeks	28	Healthy	Netherlands	noant	Healthy
SRR14261958	2021	Patel	Netherlans-farm	nasal	pig	0 to 6 weeks	28	Healthy	Netherlands	noant	Healthy
SRR14261959	2021	Patel	Netherlans-farm	nasal	pig	0 to 6 weeks	28	Healthy	Netherlands	noant	Healthy
SRR14261960	2021	Patel	Netherlans-farm	nasal	pig	0 to 6 weeks	28	Healthy	Netherlands	noant	Healthy
SRR14261961	2021	Patel	Netherlans-farm	nasal	pig	0 to 6 weeks	28	Healthy	Netherlands	noant	Healthy
SRR14261962	2021	Patel	Netherlans-farm	nasal	pig	0 to 6 weeks	28	Healthy	Netherlands	noant	Healthy
SRR14261963	2021	Patel	Netherlans-farm	nasal	pig	0 to 6 weeks	28	Healthy	Netherlands	noant	Healthy
SRR14261964	2021	Patel	Netherlans-farm	nasal	pig	0 to 6 weeks	28	Healthy	Netherlands	noant	Healthy
SRR14261965	2021	Patel	Netherlans-farm	nasal	pig	0 to 6 weeks	28	Healthy	Netherlands	noant	Healthy
SRR14261966	2021	Patel	Netherlans-farm	nasal	pig	0 to 6 weeks	28	Healthy	Netherlands	noant	Healthy
SRR14261967	2021	Patel	Netherlans-farm	nasal	pig	0 to 6 weeks	28	Healthy	Netherlands	noant	Healthy
SRR14261968	2021	Patel	Netherlans-farm	nasal	pig	0 to 6 weeks	28	Healthy	Netherlands	noant	Healthy
SRR14261969	2021	Patel	Netherlans-farm	nasal	pig	0 to 6 weeks	28	Healthy	Netherlands	noant	Healthy
SRR14261970	2021	Patel	Netherlans-farm	nasal	pig	0 to 6 weeks	28	Healthy	Netherlands	noant	Healthy
SRR14261971	2021	Patel	Netherlans-farm	nasal	pig	0 to 6 weeks	28	Healthy	Netherlands	noant	Healthy
SRR14261972	2021	Patel	Netherlans-farm	nasal	pig	0 to 6 weeks	28	Healthy	Netherlands	noant	Healthy
SRR14261973	2021	Patel	Netherlans-farm	nasal	pig	0 to 6 weeks	28	Healthy	Netherlands	noant	Healthy
SRR14261974	2021	Patel	Netherlans-farm	nasal	pig	0 to 6 weeks	28	Healthy	Netherlands	noant	Healthy
SRR14261975	2021	Patel	Netherlans-farm	nasal	pig	0 to 6 weeks	28	Healthy	Netherlands	noant	Healthy
SRR14261976	2021	Patel	Netherlans-farm	nasal	pig	0 to 6 weeks	28	Healthy	Netherlands	noant	Healthy
SRR14261977	2021	Patel	Netherlans-farm	nasal	pig	0 to 6 weeks	28	Healthy	Netherlands	noant	Healthy
SRR14261978	2021	Patel	Netherlans-farm	nasal	pig	0 to 6 weeks	28	Healthy	Netherlands	noant	Healthy
SRR14261979	2021	Patel	Netherlans-farm	nasal	pig	0 to 6 weeks	28	Healthy	Netherlands	noant	Healthy
SRR14261980	2021	Patel	Netherlans-farm	nasal	pig	0 to 6 weeks	28	Healthy	Netherlands	noant	Healthy
SRR14261981	2021	Patel	Netherlans-farm	nasal	pig	0 to 6 weeks	28	Healthy	Netherlands	noant	Healthy
SRR14261982	2021	Patel	Netherlans-farm	nasal	pig	0 to 6 weeks	28	Healthy	Netherlands	noant	Healthy
SRR14261983	2021	Patel	Netherlans-farm	nasal	pig	0 to 6 weeks	28	Healthy	Netherlands	noant	Healthy
SRR14261984	2021	Patel	Netherlans-farm	nasal	pig	0 to 6 weeks	28	Healthy	Netherlands	noant	Healthy
SRR14261985	2021	Patel	Netherlans-farm	nasal	pig	0 to 6 weeks	28	Healthy	Netherlands	noant	Healthy
SRR14261986	2021	Patel	Netherlans-farm	nasal	pig	0 to 6 weeks	28	Healthy	Netherlands	noant	Healthy
SRR14261987	2021	Patel	Netherlans-farm	nasal	pig	0 to 6 weeks	28	Healthy	Netherlands	noant	Healthy
SRR14261988	2021	Patel	Netherlans-farm	nasal	pig	0 to 6 weeks	28	Healthy	Netherlands	noant	Healthy
SRR14261989	2021	Patel	Netherlans-farm	nasal	pig	0 to 6 weeks	28	Healthy	Netherlands	noant	Healthy
SRR14261990	2021	Patel	Netherlans-farm	nasal	pig	0 to 6 weeks	28	Healthy	Netherlands	noant	Healthy
SRR14261991	2021	Patel	Netherlans-farm	nasal	pig	0 to 6 weeks	28	Healthy	Netherlands	noant	Healthy
SRR14261992	2021	Patel	Netherlans-farm	nasal	pig	0 to 6 weeks	28	Healthy	Netherlands	noant	Healthy
SRR14261993	2021	Patel	Netherlans-farm	nasal	pig	0 to 6 weeks	28	Healthy	Netherlands	noant	Healthy
SRR14261994	2021	Patel	Netherlans-farm	nasal	pig	0 to 6 weeks	28	Healthy	Netherlands	noant	Healthy
SRR14261995	2021	Patel	Netherlans-farm	nasal	pig	0 to 6 weeks	28	Healthy	Netherlands	noant	Healthy
SRR14261996	2021	Patel	Netherlans-farm	nasal	pig	0 to 6 weeks	28	Healthy	Netherlands	noant	Healthy
SRR14261997	2021	Patel	Netherlans-farm	nasal	pig	0 to 6 weeks	28	Healthy	Netherlands	noant	Healthy
SRR14261998	2021	Patel	Netherlans-farm	nasal	pig	0 to 6 weeks	28	Healthy	Netherlands	noant	Healthy
SRR14261999	2021	Patel	Netherlans-farm	nasal	pig	0 to 6 weeks	28	Healthy	Netherlands	noant	Healthy
SRR14262000	2021	Patel	Netherlans-farm	nasal	pig	0 to 6 weeks	28	Healthy	Netherlands	noant	Healthy
SRR14262001	2021	Patel	Netherlans-farm	nasal	pig	0 to 6 weeks	28	Healthy	Netherlands	noant	Healthy
SRR14262002	2021	Patel	Netherlans-farm	nasal	pig	0 to 6 weeks	28	Healthy	Netherlands	noant	Healthy
SRR14262003	2021	Patel	Netherlans-farm	nasal	pig	0 to 6 weeks	28	Healthy	Netherlands	noant	Healthy
SRR14262004	2021	Patel	Netherlans-farm	nasal	pig	0 to 6 weeks	28	Healthy	Netherlands	noant	Healthy
SRR14262005	2021	Patel	Netherlans-farm	nasal	pig	0 to 6 weeks	28	Healthy	Netherlands	noant	Healthy
SRR14262006	2021	Patel	Netherlans-farm	nasal	pig	0 to 6 weeks	28	Healthy	Netherlands	noant	Healthy
SRR14262007	2021	Patel	Netherlans-farm	nasal	pig	0 to 6 weeks	28	Healthy	Netherlands	noant	Healthy
SRR14262008	2021	Patel	Netherlans-farm	nasal	pig	0 to 6 weeks	28	Healthy	Netherlands	noant	Healthy
SRR14262009	2021	Patel	Netherlans-farm	nasal	pig	0 to 6 weeks	28	Healthy	Netherlands	noant	Healthy
SRR14262010	2021	Patel	Netherlans-farm	nasal	pig	0 to 6 weeks	28	Healthy	Netherlands	noant	Healthy
SRR14262011	2021	Patel	Netherlans-farm	nasal	pig	0 to 6 weeks	28	Healthy	Netherlands	noant	Healthy
SRR14262012	2021	Patel	Netherlans-farm	nasal	pig	0 to 6 weeks	28	Healthy	Netherlands	noant	Healthy
SRR14262013	2021	Patel	Netherlans-farm	nasal	pig	0 to 6 weeks	28	Healthy	Netherlands	noant	Healthy
SRR14262014	2021	Patel	Netherlans-farm	nasal	pig	0 to 6 weeks	28	Healthy	Netherlands	noant	Healthy
SRR14262015	2021	Patel	Netherlans-farm	nasal	pig	0 to 6 weeks	28	Healthy	Netherlands	noant	Healthy
SRR14262016	2021	Patel	Netherlans-farm	nasal	pig	0 to 6 weeks	28	Healthy	Netherlands	noant	Healthy
SRR14262017	2021	Patel	Netherlans-farm	nasal	pig	0 to 6 weeks	28	Healthy	Netherlands	noant	Healthy
SRR14262018	2021	Patel	Netherlans-farm	nasal	pig	0 to 6 weeks	28	Healthy	Netherlands	noant	Healthy
SRR14262019	2021	Patel	Netherlans-farm	nasal	pig	0 to 6 weeks	28	Healthy	Netherlands	noant	Healthy
SRR14262020	2021	Patel	Netherlans-farm	nasal	pig	0 to 6 weeks	28	Healthy	Netherlands	noant	Healthy
SRR14262021	2021	Patel	Netherlans-farm	nasal	pig	0 to 6 weeks	28	Healthy	Netherlands	noant	Healthy
SRR14262022	2021	Patel	Netherlans-farm	nasal	pig	0 to 6 weeks	28	Healthy	Netherlands	noant	Healthy
SRR14262023	2021	Patel	Netherlans-farm	nasal	pig	0 to 6 weeks	28	Healthy	Netherlands	noant	Healthy
SRR14262024	2021	Patel	Netherlans-farm	nasal	pig	0 to 6 weeks	28	Healthy	Netherlands	noant	Healthy
SRR14262025	2021	Patel	Netherlans-farm	nasal	pig	0 to 6 weeks	28	Healthy	Netherlands	noant	Healthy
SRR14262026	2021	Patel	Netherlans-farm	nasal	pig	0 to 6 weeks	28	Healthy	Netherlands	noant	Healthy
SRR14262027	2021	Patel	Netherlans-farm	nasal	pig	0 to 6 weeks	28	Healthy	Netherlands	noant	Healthy
SRR14262028	2021	Patel	Netherlans-farm	nasal	pig	0 to 6 weeks	28	Healthy	Netherlands	noant	Healthy
SRR14262029	2021	Patel	Netherlans-farm	nasal	pig	0 to 6 weeks	28	Healthy	Netherlands	noant	Healthy
SRR14262030	2021	Patel	Netherlans-farm	nasal	pig	0 to 6 weeks	28	Healthy	Netherlands	noant	Healthy
SRR14262031	2021	Patel	Netherlans-farm	nasal	pig	0 to 6 weeks	28	Healthy	Netherlands	noant	Healthy
SRR14262032	2021	Patel	Netherlans-farm	nasal	pig	0 to 6 weeks	28	Healthy	Netherlands	noant	Healthy
SRR14262033	2021	Patel	Netherlans-farm	nasal	pig	0 to 6 weeks	28	Healthy	Netherlands	noant	Healthy
SRR14262034	2021	Patel	Netherlans-farm	nasal	pig	0 to 6 weeks	28	Healthy	Netherlands	noant	Healthy
SRR14262035	2021	Patel	Netherlans-farm	nasal	pig	0 to 6 weeks	28	Healthy	Netherlands	noant	Healthy
SRR14262036	2021	Patel	Netherlans-farm	nasal	pig	0 to 6 weeks	28	Healthy	Netherlands	noant	Healthy
SRR14262037	2021	Patel	Netherlans-farm	nasal	pig	0 to 6 weeks	28	Healthy	Netherlands	noant	Healthy
SRR14262038	2021	Patel	Netherlans-farm	nasal	pig	0 to 6 weeks	28	Healthy	Netherlands	noant	Healthy
SRR14262039	2021	Patel	Netherlans-farm	nasal	pig	0 to 6 weeks	28	Healthy	Netherlands	noant	Healthy
SRR14262040	2021	Patel	Netherlans-farm	nasal	pig	0 to 6 weeks	28	Healthy	Netherlands	noant	Healthy
SRR14262041	2021	Patel	Netherlans-farm	nasal	pig	0 to 6 weeks	28	Healthy	Netherlands	noant	Healthy
SRR14262042	2021	Patel	Netherlans-farm	nasal	pig	0 to 6 weeks	28	Healthy	Netherlands	noant	Healthy
SRR14262043	2021	Patel	Netherlans-farm	nasal	pig	0 to 6 weeks	28	Healthy	Netherlands	noant	Healthy
SRR15657792	2021	Chrun	Uk-conv-farm	nasal	pig	11-12 weeks	84	Healthy	UK	antibiotic	Healthy
SRR15657794	2021	Chrun	Uk-conv-farm	nasal	pig	11-12 weeks	84	Healthy	UK	antibiotic	Healthy
SRR15657800	2021	Chrun	Uk-conv-farm	nasal	pig	11-12 weeks	84	Healthy	UK	antibiotic	Healthy
SRR15657801	2021	Chrun	Uk-conv-farm	nasal	pig	11-12 weeks	84	Healthy	UK	antibiotic	Healthy
SRR15657803	2021	Chrun	Uk-conv-farm	nasal	pig	11-12 weeks	84	Healthy	UK	antibiotic	Healthy
SRR15657808	2021	Chrun	Uk-conv-farm	nasal	pig	11-12 weeks	84	Healthy	UK	antibiotic	Healthy
SRR15657809	2021	Chrun	Uk-conv-farm	nasal	pig	11-12 weeks	84	Healthy	UK	antibiotic	Healthy
SRR15657814	2021	Chrun	Uk-conv-farm	nasal	pig	11-12 weeks	84	Healthy	UK	antibiotic	Healthy
 SRR15657825	2021	Chrun	Uk-conv-farm	nasal	pig	11-12 weeks	84	Healthy	UK	antibiotic	Healthy
SRR15657823	2021	Chrun	Uk-conv-farm	nasal	pig	11-12 weeks	84	Healthy	UK	antibiotic	Healthy
SRR15657824	2021	Chrun	Uk-conv-farm	nasal	pig	11-12 weeks	84	Healthy	UK	antibiotic	Healthy
SRR15657816	2021	Chrun	Uk-conv-farm	nasal	pig	11-12 weeks	84	Healthy	UK	antibiotic	Healthy
SRR15657817	2021	Chrun	Uk-conv-farm	nasal	pig	11-12 weeks	84	Healthy	UK	antibiotic	Healthy
SRR15657831	2021	Chrun	Uk-conv-farm	nasal	pig	11-12 weeks	84	Healthy	UK	antibiotic	Healthy
SRR15657832	2021	Chrun	Uk-conv-farm	nasal	pig	11-12 weeks	84	Healthy	UK	antibiotic	Healthy
SRR15657839	2021	Chrun	Uk-conv-farm	nasal	pig	11-12 weeks	84	Healthy	UK	antibiotic	Healthy
SRR15657840	2021	Chrun	Uk-conv-farm	nasal	pig	11-12 weeks	84	Healthy	UK	antibiotic	Healthy
SRR15657846	2021	Chrun	Uk-conv-farm	nasal	pig	11-12 weeks	84	Healthy	UK	antibiotic	Healthy
SRR15657847	2021	Chrun	Uk-conv-farm	nasal	pig	11-12 weeks	84	Healthy	UK	antibiotic	Healthy
SRR15657848	2021	Chrun	Uk-conv-farm	nasal	pig	11-12 weeks	84	Healthy	UK	antibiotic	Healthy
SRR15657854	2021	Chrun	Uk-conv-farm	nasal	pig	11-12 weeks	84	Healthy	UK	antibiotic	Healthy
SRR15657855	2021	Chrun	Uk-conv-farm	nasal	pig	11-12 weeks	84	Healthy	UK	antibiotic	Healthy
SRR15657856	2021	Chrun	Uk-conv-farm	nasal	pig	11-12 weeks	84	Healthy	UK	antibiotic	Healthy
SRR15657871	2021	Chrun	Uk-conv-farm	nasal	pig	11-12 weeks	84	Healthy	UK	antibiotic	Healthy
SRR15657857	2021	Chrun	Uk-conv-farm	nasal	pig	11-12 weeks	84	Healthy	UK	antibiotic	Healthy
SRR15657858	2021	Chrun	Uk-conv-farm	nasal	pig	11-12 weeks	84	Healthy	UK	antibiotic	Healthy
SRR15657859	2021	Chrun	Uk-conv-farm	nasal	pig	11-12 weeks	84	Healthy	UK	antibiotic	Healthy
SRR15657860	2021	Chrun	Uk-conv-farm	nasal	pig	11-12 weeks	84	Healthy	UK	antibiotic	Healthy
SRR15657861	2021	Chrun	Uk-conv-farm	nasal	pig	11-12 weeks	84	Healthy	UK	antibiotic	Healthy
SRR15657862	2021	Chrun	Uk-conv-farm	nasal	pig	11-12 weeks	84	Healthy	UK	antibiotic	Healthy
SRR15657863	2021	Chrun	Uk-conv-farm	nasal	pig	11-12 weeks	84	Healthy	UK	antibiotic	Healthy
SRR15657864	2021	Chrun	Uk-conv-farm	nasal	pig	11-12 weeks	84	Healthy	UK	antibiotic	Healthy
SRR15657865	2021	Chrun	Uk-conv-farm	nasal	pig	11-12 weeks	84	Healthy	UK	antibiotic	Healthy
SRR15657866	2021	Chrun	Uk-conv-farm	nasal	pig	11-12 weeks	84	Healthy	UK	antibiotic	Healthy
SRR15657867	2021	Chrun	Uk-conv-farm	nasal	pig	11-12 weeks	84	Healthy	UK	antibiotic	Healthy
SRR15657868	2021	Chrun	Uk-conv-farm	nasal	pig	11-12 weeks	84	Healthy	UK	antibiotic	Healthy
SRR15657869	2021	Chrun	Uk-conv-farm	nasal	pig	11-12 weeks	84	Healthy	UK	antibiotic	Healthy
SRR15657870	2021	Chrun	Uk-conv-farm	nasal	pig	11-12 weeks	84	Healthy	UK	antibiotic	Healthy
SRR15657872	2021	Chrun	Uk-conv-farm	nasal	pig	11-12 weeks	84	Healthy	UK	antibiotic	Healthy
SRR15657873	2021	Chrun	Uk-conv-farm	nasal	pig	11-12 weeks	84	Healthy	UK	antibiotic	Healthy
SRR15657874	2021	Chrun	Uk-conv-farm	nasal	pig	11-12 weeks	84	Healthy	UK	antibiotic	Healthy
SRR15657875	2021	Chrun	Uk-conv-farm	nasal	pig	11-12 weeks	84	Healthy	UK	antibiotic	Healthy
SRR15657876	2021	Chrun	Uk-conv-farm	nasal	pig	11-12 weeks	84	Healthy	UK	antibiotic	Healthy
SRR15657877	2021	Chrun	Uk-conv-farm	nasal	pig	11-12 weeks	84	Healthy	UK	antibiotic	Healthy
SRR15657878	2021	Chrun	Uk-conv-farm	nasal	pig	11-12 weeks	84	Healthy	UK	antibiotic	Healthy
SRR15657879	2021	Chrun	Uk-conv-farm	nasal	pig	11-12 weeks	84	Healthy	UK	antibiotic	Healthy
SRR15657880	2021	Chrun	Uk-conv-farm	nasal	pig	11-12 weeks	84	Healthy	UK	antibiotic	Healthy
SRR15657881	2021	Chrun	Uk-conv-farm	nasal	pig	11-12 weeks	84	Healthy	UK	antibiotic	Healthy
SRR15657882	2021	Chrun	Uk-conv-farm	nasal	pig	11-12 weeks	84	Healthy	UK	antibiotic	Healthy
SRR15657883	2021	Chrun	Uk-conv-farm	nasal	pig	11-12 weeks	84	Healthy	UK	antibiotic	Healthy
SRR15657889	2021	Chrun	Uk-conv-farm	nasal	pig	11-12 weeks	84	Healthy	UK	antibiotic	Healthy
SRR15657890	2021	Chrun	Uk-conv-farm	nasal	pig	11-12 weeks	84	Healthy	UK	antibiotic	Healthy
SRR15657892	2021	Chrun	Uk-conv-farm	nasal	pig	11-12 weeks	84	Healthy	UK	antibiotic	Healthy
SRR15657897	2021	Chrun	Uk-conv-farm	nasal	pig	11-12 weeks	84	Healthy	UK	antibiotic	Healthy
SRR15657898	2021	Chrun	Uk-conv-farm	nasal	pig	11-12 weeks	84	Healthy	UK	antibiotic	Healthy
SRR15657903	2021	Chrun	Uk-conv-farm	nasal	pig	11-12 weeks	84	Healthy	UK	antibiotic	Healthy
SRR15657905	2021	Chrun	Uk-conv-farm	nasal	pig	11-12 weeks	84	Healthy	UK	antibiotic	Healthy
SRR15657906	2021	Chrun	Uk-conv-farm	nasal	pig	11-12 weeks	84	Healthy	UK	antibiotic	Healthy
SRR15657912	2021	Chrun	Uk-conv-farm	nasal	pig	11-12 weeks	84	Healthy	UK	antibiotic	Healthy
SRR15657913	2021	Chrun	Uk-conv-farm	nasal	pig	11-12 weeks	84	Healthy	UK	antibiotic	Healthy
SRR15657914	2021	Chrun	Uk-conv-farm	nasal	pig	11-12 weeks	84	Healthy	UK	antibiotic	Healthy
SRR15657920	2021	Chrun	Uk-conv-farm	nasal	pig	11-12 weeks	84	Healthy	UK	antibiotic	Healthy
SRR15657921	2021	Chrun	Uk-conv-farm	nasal	pig	11-12 weeks	84	Healthy	UK	antibiotic	Healthy
SRR15657925	2021	Chrun	Uk-conv-farm	nasal	pig	11-12 weeks	84	Healthy	UK	antibiotic	Healthy
SRR15657930	2021	Chrun	Uk-conv-farm	nasal	pig	11-12 weeks	84	Healthy	UK	antibiotic	Healthy
SRR15657931	2021	Chrun	Uk-conv-farm	nasal	pig	11-12 weeks	84	Healthy	UK	antibiotic	Healthy
SRR15657932	2021	Chrun	Uk-conv-farm	nasal	pig	11-12 weeks	84	Healthy	UK	antibiotic	Healthy
SRR15657938	2021	Chrun	Uk-conv-farm	nasal	pig	11-12 weeks	84	Healthy	UK	antibiotic	Healthy
SRR15657939	2021	Chrun	Uk-conv-farm	nasal	pig	11-12 weeks	84	Healthy	UK	antibiotic	Healthy
SRR15657940	2021	Chrun	Uk-conv-farm	nasal	pig	11-12 weeks	84	Healthy	UK	antibiotic	Healthy
SRR15657946	2021	Chrun	Uk-conv-farm	nasal	pig	11-12 weeks	84	Healthy	UK	antibiotic	Healthy
SRR15657947	2021	Chrun	Uk-conv-farm	nasal	pig	11-12 weeks	84	Healthy	UK	antibiotic	Healthy
SRR15657950	2021	Chrun	Uk-conv-farm	nasal	pig	11-12 weeks	84	Healthy	UK	antibiotic	Healthy
SRR15657954	2021	Chrun	Uk-conv-farm	nasal	pig	11-12 weeks	84	Healthy	UK	antibiotic	Healthy
SRR15657955	2021	Chrun	Uk-conv-farm	nasal	pig	11-12 weeks	84	Healthy	UK	antibiotic	Healthy
SRR8775602	2019	Bordetella	USA-farm	nasal	pig	3-8 weeks	27	Healthy	USA	antibiotic	Healthy
SRR8775606	2019	Bordetella	USA-farm	nasal	pig	3-8 weeks	27	Healthy	USA	antibiotic	Healthy
SRR8775603	2019	Bordetella	USA-farm	nasal	pig	3-8 weeks	27	Healthy	USA	antibiotic	Healthy
SRR8775623	2019	Bordetella	USA-farm	nasal	pig	3-8 weeks	27	Healthy	USA	antibiotic	Healthy
SRR8775624	2019	Bordetella	USA-farm	nasal	pig	3-8 weeks	27	Healthy	USA	antibiotic	Healthy
SRR8775626	2019	Bordetella	USA-farm	nasal	pig	3-8 weeks	27	Healthy	USA	antibiotic	Healthy
SRR8775625	2019	Bordetella	USA-farm	nasal	pig	3-8 weeks	27	Healthy	USA	antibiotic	Healthy
SRR8775619	2019	Bordetella	USA-farm	nasal	pig	3-8 weeks	27	Healthy	USA	antibiotic	Healthy
SRR8775620	2019	Bordetella	USA-farm	nasal	pig	3-8 weeks	27	Healthy	USA	antibiotic	Healthy
SRR8775621	2019	Bordetella	USA-farm	nasal	pig	3-8 weeks	27	Healthy	USA	antibiotic	Healthy
SRR8775632	2019	Bordetella	USA-farm	nasal	pig	3-8 weeks	27	Healthy	USA	antibiotic	Healthy
SRR8775622	2019	Bordetella	USA-farm	nasal	pig	3-8 weeks	27	Healthy	USA	antibiotic	Healthy
SRR8775631	2019	Bordetella	USA-farm	nasal	pig	3-8 weeks	27	Healthy	USA	antibiotic	Healthy
SRR8775653	2019	Bordetella	USA-farm	nasal	pig	3-8 weeks	27	Healthy	USA	antibiotic	Healthy
SRR8775652	2019	Bordetella	USA-farm	nasal	pig	3-8 weeks	27	Healthy	USA	antibiotic	Healthy
SRR8775650	2019	Bordetella	USA-farm	nasal	pig	3-8 weeks	27	Healthy	USA	antibiotic	Healthy
SRR8775651	2019	Bordetella	USA-farm	nasal	pig	3-8 weeks	27	Healthy	USA	antibiotic	Healthy
SRR8775657	2019	Bordetella	USA-farm	nasal	pig	3-8 weeks	27	Healthy	USA	antibiotic	Healthy
SRR8775656	2019	Bordetella	USA-farm	nasal	pig	3-8 weeks	27	Healthy	USA	antibiotic	Healthy
SRR8775655	2019	Bordetella	USA-farm	nasal	pig	3-8 weeks	27	Healthy	USA	antibiotic	Healthy
SRR8775659	2019	Bordetella	USA-farm	nasal	pig	3-8 weeks	27	Healthy	USA	antibiotic	Healthy
SRR8775654	2019	Bordetella	USA-farm	nasal	pig	3-8 weeks	27	Healthy	USA	antibiotic	Healthy
SRR8775660	2019	Bordetella	USA-farm	nasal	pig	3-8 weeks	27	Healthy	USA	antibiotic	Healthy
SRR8775686	2019	Bordetella	USA-farm	nasal	pig	3-8 weeks	27	Healthy	USA	antibiotic	Healthy
SRR8775687	2019	Bordetella	USA-farm	nasal	pig	3-8 weeks	27	Healthy	USA	antibiotic	Healthy
SRR8775685	2019	Bordetella	USA-farm	nasal	pig	3-8 weeks	27	Healthy	USA	antibiotic	Healthy
SRR8775684	2019	Bordetella	USA-farm	nasal	pig	3-8 weeks	27	Healthy	USA	antibiotic	Healthy
SRR8775682	2019	Bordetella	USA-farm	nasal	pig	3-8 weeks	27	Healthy	USA	antibiotic	Healthy
SRR8775683	2019	Bordetella	USA-farm	nasal	pig	3-8 weeks	27	Healthy	USA	antibiotic	Healthy
SRR8775680	2019	Bordetella	USA-farm	nasal	pig	3-8 weeks	27	Healthy	USA	antibiotic	Healthy
SRR8775679	2019	Bordetella	USA-farm	nasal	pig	3-8 weeks	27	Healthy	USA	antibiotic	Healthy
SRR8775681	2019	Bordetella	USA-farm	nasal	pig	3-8 weeks	27	Healthy	USA	antibiotic	Healthy
SRR8775678	2019	Bordetella	USA-farm	nasal	pig	3-8 weeks	27	Healthy	USA	antibiotic	Healthy
SRR8775707	2019	Bordetella	USA-farm	nasal	pig	3-8 weeks	27	Healthy	USA	antibiotic	Healthy
SRR8775706	2019	Bordetella	USA-farm	nasal	pig	3-8 weeks	27	Healthy	USA	antibiotic	Healthy
SRR8775708	2019	Bordetella	USA-farm	nasal	pig	3-8 weeks	27	Healthy	USA	antibiotic	Healthy
SRR8775709	2019	Bordetella	USA-farm	nasal	pig	3-8 weeks	27	Healthy	USA	antibiotic	Healthy
SRR8775703	2019	Bordetella	USA-farm	nasal	pig	3-8 weeks	27	Healthy	USA	antibiotic	Healthy
SRR8775702	2019	Bordetella	USA-farm	nasal	pig	3-8 weeks	27	Healthy	USA	antibiotic	Healthy
SRR8775705	2019	Bordetella	USA-farm	nasal	pig	3-8 weeks	27	Healthy	USA	antibiotic	Healthy
SRR8775700	2019	Bordetella	USA-farm	nasal	pig	3-8 weeks	27	Healthy	USA	antibiotic	Healthy
SRR8775704	2019	Bordetella	USA-farm	nasal	pig	3-8 weeks	27	Healthy	USA	antibiotic	Healthy
SRR8775701	2019	Bordetella	USA-farm	nasal	pig	3-8 weeks	27	Healthy	USA	antibiotic	Healthy
SRR8775724	2019	Bordetella	USA-farm	nasal	pig	3-8 weeks	27	Healthy	USA	antibiotic	Healthy
SRR8775725	2019	Bordetella	USA-farm	nasal	pig	3-8 weeks	27	Healthy	USA	antibiotic	Healthy
SRR8775727	2019	Bordetella	USA-farm	nasal	pig	3-8 weeks	27	Healthy	USA	antibiotic	Healthy
SRR8775726	2019	Bordetella	USA-farm	nasal	pig	3-8 weeks	27	Healthy	USA	antibiotic	Healthy
SRR8775728	2019	Bordetella	USA-farm	nasal	pig	3-8 weeks	27	Healthy	USA	antibiotic	Healthy
SRR8775729	2019	Bordetella	USA-farm	nasal	pig	3-8 weeks	27	Healthy	USA	antibiotic	Healthy
SRR8775730	2019	Bordetella	USA-farm	nasal	pig	3-8 weeks	27	Healthy	USA	antibiotic	Healthy
SRR8775721	2019	Bordetella	USA-farm	nasal	pig	3-8 weeks	27	Healthy	USA	antibiotic	Healthy
SRR8775731	2019	Bordetella	USA-farm	nasal	pig	3-8 weeks	27	Healthy	USA	antibiotic	Healthy
SRR8775720	2019	Bordetella	USA-farm	nasal	pig	3-8 weeks	27	Healthy	USA	antibiotic	Healthy
SRR8775557	2019	Bordetella	USA-farm	nasal	pig	3-8 weeks	27	Healthy	USA	antibiotic	Healthy
SRR8775556	2019	Bordetella	USA-farm	nasal	pig	3-8 weeks	27	Healthy	USA	antibiotic	Healthy
SRR8775746	2019	Bordetella	USA-farm	nasal	pig	3-8 weeks	27	Healthy	USA	antibiotic	Healthy
SRR8775555	2019	Bordetella	USA-farm	nasal	pig	3-8 weeks	27	Healthy	USA	antibiotic	Healthy
SRR8775745	2019	Bordetella	USA-farm	nasal	pig	3-8 weeks	27	Healthy	USA	antibiotic	Healthy
SRR8775744	2019	Bordetella	USA-farm	nasal	pig	3-8 weeks	27	Healthy	USA	antibiotic	Healthy
SRR8775743	2019	Bordetella	USA-farm	nasal	pig	3-8 weeks	27	Healthy	USA	antibiotic	Healthy
SRR8775558	2019	Bordetella	USA-farm	nasal	pig	3-8 weeks	27	Healthy	USA	antibiotic	Healthy
SRR8775742	2019	Bordetella	USA-farm	nasal	pig	3-8 weeks	27	Healthy	USA	antibiotic	Healthy
SRR8775559	2019	Bordetella	USA-farm	nasal	pig	3-8 weeks	27	Healthy	USA	antibiotic	Healthy
SRR8775574	2019	Bordetella	USA-farm	nasal	pig	3-8 weeks	27	Healthy	USA	antibiotic	Healthy
SRR8775575	2019	Bordetella	USA-farm	nasal	pig	3-8 weeks	27	Healthy	USA	antibiotic	Healthy
SRR8775573	2019	Bordetella	USA-farm	nasal	pig	3-8 weeks	27	Healthy	USA	antibiotic	Healthy
SRR8775572	2019	Bordetella	USA-farm	nasal	pig	3-8 weeks	27	Healthy	USA	antibiotic	Healthy
SRR8775578	2019	Bordetella	USA-farm	nasal	pig	3-8 weeks	27	Healthy	USA	antibiotic	Healthy
SRR8775579	2019	Bordetella	USA-farm	nasal	pig	3-8 weeks	27	Healthy	USA	antibiotic	Healthy
SRR8775576	2019	Bordetella	USA-farm	nasal	pig	3-8 weeks	27	Healthy	USA	antibiotic	Healthy
SRR8775581	2019	Bordetella	USA-farm	nasal	pig	3-8 weeks	27	Healthy	USA	antibiotic	Healthy
SRR8775577	2019	Bordetella	USA-farm	nasal	pig	3-8 weeks	27	Healthy	USA	antibiotic	Healthy
SRR8775580	2019	Bordetella	USA-farm	nasal	pig	3-8 weeks	27	Healthy	USA	antibiotic	Healthy
SRR8775593	2019	Bordetella	USA-farm	nasal	pig	3-8 weeks	27	Healthy	USA	antibiotic	Healthy
SRR8775592	2019	Bordetella	USA-farm	nasal	pig	3-8 weeks	27	Healthy	USA	antibiotic	Healthy
SRR8775594	2019	Bordetella	USA-farm	nasal	pig	3-8 weeks	27	Healthy	USA	antibiotic	Healthy
SRR8775597	2019	Bordetella	USA-farm	nasal	pig	3-8 weeks	27	Healthy	USA	antibiotic	Healthy
SRR8775595	2019	Bordetella	USA-farm	nasal	pig	3-8 weeks	27	Healthy	USA	antibiotic	Healthy
SRR8775596	2019	Bordetella	USA-farm	nasal	pig	3-8 weeks	27	Healthy	USA	antibiotic	Healthy
SRR8775599	2019	Bordetella	USA-farm	nasal	pig	3-8 weeks	27	Healthy	USA	antibiotic	Healthy
SRR8775600	2019	Bordetella	USA-farm	nasal	pig	3-8 weeks	27	Healthy	USA	antibiotic	Healthy
SRR8775598	2019	Bordetella	USA-farm	nasal	pig	3-8 weeks	27	Healthy	USA	antibiotic	Healthy
SRR8775601	2019	Bordetella	USA-farm	nasal	pig	3-8 weeks	27	Healthy	USA	antibiotic	Healthy
SRR8775642	2019	Bordetella	USA-farm	nasal	pig	3-8 weeks	27	Healthy	USA	antibiotic	Healthy
SRR8775641	2019	Bordetella	USA-farm	nasal	pig	3-8 weeks	27	Healthy	USA	antibiotic	Healthy
SRR8775644	2019	Bordetella	USA-farm	nasal	pig	3-8 weeks	27	Healthy	USA	antibiotic	Healthy
SRR8775643	2019	Bordetella	USA-farm	nasal	pig	3-8 weeks	27	Healthy	USA	antibiotic	Healthy
SRR8775637	2019	Bordetella	USA-farm	nasal	pig	3-8 weeks	27	Healthy	USA	antibiotic	Healthy
SRR8775638	2019	Bordetella	USA-farm	nasal	pig	3-8 weeks	27	Healthy	USA	antibiotic	Healthy
SRR8775639	2019	Bordetella	USA-farm	nasal	pig	3-8 weeks	27	Healthy	USA	antibiotic	Healthy
SRR8775636	2019	Bordetella	USA-farm	nasal	pig	3-8 weeks	27	Healthy	USA	antibiotic	Healthy
SRR8775640	2019	Bordetella	USA-farm	nasal	pig	3-8 weeks	27	Healthy	USA	antibiotic	Healthy
SRR8775635	2019	Bordetella	USA-farm	nasal	pig	3-8 weeks	27	Healthy	USA	antibiotic	Healthy
SRR8775665	2019	Bordetella	USA-farm	nasal	pig	3-8 weeks	27	Healthy	USA	antibiotic	Healthy
SRR8775664	2019	Bordetella	USA-farm	nasal	pig	3-8 weeks	27	Healthy	USA	antibiotic	Healthy
SRR8775662	2019	Bordetella	USA-farm	nasal	pig	3-8 weeks	27	Healthy	USA	antibiotic	Healthy
SRR8775663	2019	Bordetella	USA-farm	nasal	pig	3-8 weeks	27	Healthy	USA	antibiotic	Healthy
SRR8775667	2019	Bordetella	USA-farm	nasal	pig	3-8 weeks	27	Healthy	USA	antibiotic	Healthy
SRR8775666	2019	Bordetella	USA-farm	nasal	pig	3-8 weeks	27	Healthy	USA	antibiotic	Healthy
1-D22	2022	A	IRTA	nasal	pig	22	22	Healthy	Spain	noant	Healthy
10-D22	2022	B	IRTA	nasal	pig	22	22	Healthy	Spain	noant	Healthy
11-D22	2022	B	IRTA	nasal	pig	22	22	Healthy	Spain	antibiotic	Healthy
12-D22	2022	A	IRTA	nasal	pig	22	22	Healthy	Spain	noant	Healthy
13-D22	2022	B	IRTA	nasal	pig	22	22	Healthy	Spain	antibiotic	Healthy
19-D22	2022	B	IRTA	nasal	pig	22	22	Healthy	Spain	noant	Healthy
2-D22	2022	A	IRTA	nasal	pig	22	22	Healthy	Spain	antibiotic	Healthy
2-D22-B	2022	B	IRTA	nasal	pig	22	22	Healthy	Spain	antibiotic	Healthy
20-D22	2022	A	IRTA	nasal	pig	22	22	Healthy	Spain	antibiotic	Healthy
21-D22	2022	B	IRTA	nasal	pig	22	22	Healthy	Spain	antibiotic	Healthy
28-D22	2022	A	IRTA	nasal	pig	22	22	Healthy	Spain	noant	Healthy
29-D22	2022	B	IRTA	nasal	pig	22	22	Healthy	Spain	antibiotic	Healthy
37-D24	2022	A	IRTA	nasal	pig	24	24	Healthy	Spain	noant	Healthy
38-D24	2022	A	IRTA	nasal	pig	24	24	Healthy	Spain	noant	Healthy
39-D24	2022	A	IRTA	nasal	pig	24	24	Healthy	Spain	noant	Healthy
4-D22	2022	A	IRTA	nasal	pig	22	22	Healthy	Spain	noant	Healthy
42-D24	2022	B	IRTA	nasal	pig	24	24	Healthy	Spain	noant	Healthy
43-D24	2022	B	IRTA	nasal	pig	24	24	Healthy	Spain	noant	Healthy
45-D24	2022	B	IRTA	nasal	pig	24	24	Healthy	Spain	noant	Healthy
47-D24	2022	A	IRTA	nasal	pig	24	24	Healthy	Spain	noant	Healthy
48-D24	2022	B	IRTA	nasal	pig	24	24	Healthy	Spain	noant	Healthy
50-D24	2022	B	IRTA	nasal	pig	24	24	Healthy	Spain	noant	Healthy
51-D24	2022	A	IRTA	nasal	pig	24	24	Healthy	Spain	noant	Healthy
54-D24	2022	B	IRTA	nasal	pig	24	24	Healthy	Spain	noant	Healthy
6-D22	2022	A	IRTA	nasal	pig	22	22	Healthy	Spain	antibiotic	Healthy
7-D22	2022	B	IRTA	nasal	pig	22	22	Healthy	Spain	noant	Healthy
GE266	2021	Mhyorhinis_Disease	GE	nasal	pig	3-4 weeks	22	Mycoplasma	Spain	antibiotic	Disease
GE268	2021	Mhyorhinis_Disease	GE	nasal	pig	3-4 weeks	22	Mycoplasma	Spain	antibiotic	Disease
GE272	2021	Mhyorhinis_Disease	GE	nasal	pig	3-4 weeks	22	Mycoplasma	Spain	antibiotic	Disease
GE275	2021	Mhyorhinis_Disease	GE	nasal	pig	3-4 weeks	22	Mycoplasma	Spain	antibiotic	Disease
GE276	2021	Mhyorhinis_Disease	GE	nasal	pig	3-4 weeks	22	Mycoplasma	Spain	antibiotic	Disease
GE278	2021	Mhyorhinis_Disease	GE	nasal	pig	3-4 weeks	22	Mycoplasma	Spain	antibiotic	Disease
GE279	2021	Mhyorhinis_Disease	GE	nasal	pig	3-4 weeks	22	Mycoplasma	Spain	antibiotic	Disease
GE280	2021	Mhyorhinis_Disease	GE	nasal	pig	3-4 weeks	22	Mycoplasma	Spain	antibiotic	Disease
GE281	2021	Mhyorhinis_Disease	GE	nasal	pig	3-4 weeks	22	Mycoplasma	Spain	antibiotic	Disease
GE286	2021	Mhyorhinis_Disease	GE	nasal	pig	3-4 weeks	22	Mycoplasma	Spain	antibiotic	Disease
RM307	2021	Mhyorhinis_Disease	RM	nasal	pig	3-4 weeks	22	Mycoplasma	Spain	antibiotic	Disease
RM315	2021	Mhyorhinis_Disease	RM	nasal	pig	3-4 weeks	22	Mycoplasma	Spain	antibiotic	Disease
RM318	2021	Mhyorhinis_Disease	RM	nasal	pig	3-4 weeks	22	Mycoplasma	Spain	antibiotic	Disease
RM322	2021	Mhyorhinis_Disease	RM	nasal	pig	3-4 weeks	22	Mycoplasma	Spain	antibiotic	Disease
RM326	2021	Mhyorhinis_Disease	RM	nasal	pig	3-4 weeks	22	Mycoplasma	Spain	antibiotic	Disease
RM327	2021	Mhyorhinis_Disease	RM	nasal	pig	3-4 weeks	22	Mycoplasma	Spain	antibiotic	Disease
RM330	2021	Mhyorhinis_Disease	RM	nasal	pig	3-4 weeks	22	Mycoplasma	Spain	antibiotic	Disease
RM334	2021	Mhyorhinis_Disease	RM	nasal	pig	3-4 weeks	22	Mycoplasma	Spain	antibiotic	Disease
RM338	2021	Mhyorhinis_Disease	RM	nasal	pig	3-4 weeks	22	Mycoplasma	Spain	antibiotic	Disease
RM339	2021	Mhyorhinis_Disease	RM	nasal	pig	3-4 weeks	22	Mycoplasma	Spain	antibiotic	Disease
COL-51	2020	2	COL	nasal	pig	3-4 weeks	34	Streptococcus	Spain	noant	Disease
COL-26	2020	3	COL	nasal	pig	3-4 weeks	28	Streptococcus	Spain	noant	Disease
COL-33	2020	2	COL	nasal	pig	3-4 weeks	28	Streptococcus	Spain	noant	Disease
COL-38	2020	1	COL	nasal	pig	3-4 weeks	28	Streptococcus	Spain	noant	Disease
COL-67	2020	2	COL	nasal	pig	3-4 weeks	36	Streptococcus	Spain	noant	Disease
COL-42	2020	2	COL	nasal	pig	3-4 weeks	28	Streptococcus	Spain	noant	Disease
COL-71	2020	3	COL	nasal	pig	3-4 weeks	37	Streptococcus	Spain	noant	Disease
COL-46	2020	1	COL	nasal	pig	3-4 weeks	28	Streptococcus	Spain	noant	Disease
