#SampleID	Year	Run	Farm	Niche	Animal	Sample-time	Pig_Age	Health_farm	Country	Health	Treatment	Sex	Fatty_acid	Antibiotics	Antiinflammatory
#q2:types	numeric	categorical	categorical	categorical	categorical	categorical	numeric	categorical	categorical	categorical	categorical	categorical	categorical	categorical	categorical
EJ11	2015	FOURTHa	EJ	nasal	pig	3-4 weeks	22	Glasser	Spain						
EJ19	2015	FOURTHa	EJ	nasal	pig	3-4 weeks	22	Glasser	Spain						
EJ25	2015	FOURTHa	EJ	nasal	pig	3-4 weeks	22	Glasser	Spain						
EJ7	2015	FOURTHa	EJ	nasal	pig	3-4 weeks	22	Glasser	Spain						
EJ5	2015	FOURTHa	EJ	nasal	pig	3-4 weeks	22	Glasser	Spain						
EJ20	2015	FIFTH	EJ	nasal	pig	3-4 weeks	22	Glasser	Spain						
EJ39	2015	FIFTH	EJ	nasal	pig	3-4 weeks	22	Glasser	Spain						
EJ35	2015	FIFTH	EJ	nasal	pig	3-4 weeks	22	Glasser	Spain						
EJ26	2015	FIFTH	EJ	nasal	pig	3-4 weeks	22	Glasser	Spain						
EJ33	2015	FIFTH	EJ	nasal	pig	3-4 weeks	22	Glasser	Spain						
GM5	2015	FIFTH	GM	nasal	pig	3-4 weeks	22	Healthy	Spain						
GM4	2015	FIFTH	GM	nasal	pig	3-4 weeks	22	Healthy	Spain						
GM3	2015	FIFTH	GM	nasal	pig	3-4 weeks	22	Healthy	Spain						
GM2	2015	FIFTH	GM	nasal	pig	3-4 weeks	22	Healthy	Spain						
GM1	2015	FIFTH	GM	nasal	pig	3-4 weeks	22	Healthy	Spain						
GM10	2015	SIXTH	GM	nasal	pig	3-4 weeks	22	Healthy	Spain						
GM8	2015	SIXTH	GM	nasal	pig	3-4 weeks	22	Healthy	Spain						
GM9	2015	SIXTH	GM	nasal	pig	3-4 weeks	22	Healthy	Spain						
GM6	2015	SIXTH	GM	nasal	pig	3-4 weeks	22	Healthy	Spain						
GM7	2015	SIXTH	GM	nasal	pig	3-4 weeks	22	Healthy	Spain						
GW-3	2015	SECOND	GW	nasal	pig	3-4 weeks	22	Healthy	UK						
GW-4	2015	SECOND	GW	nasal	pig	3-4 weeks	22	Healthy	UK						
GW-5	2015	SECOND	GW	nasal	pig	3-4 weeks	22	Healthy	UK						
GW-6	2015	SECOND	GW	nasal	pig	3-4 weeks	22	Healthy	UK						
GW-7	2015	SECOND	GW	nasal	pig	3-4 weeks	22	Healthy	UK						
GW-8	2015	SECOND	GW	nasal	pig	3-4 weeks	22	Healthy	UK						
GW-9	2015	SECOND	GW	nasal	pig	3-4 weeks	22	Healthy	UK						
GW-10	2015	SECOND	GW	nasal	pig	3-4 weeks	22	Healthy	UK						
KD1	2015	SECOND	KD	nasal	pig	3-4 weeks	22	Healthy	UK						
KD3	2015	SECOND	KD	nasal	pig	3-4 weeks	22	Healthy	UK						
KD5	2015	SECOND	KD	nasal	pig	3-4 weeks	22	Healthy	UK						
KD7	2015	SECOND	KD	nasal	pig	3-4 weeks	22	Healthy	UK						
KD9	2015	SECOND	KD	nasal	pig	3-4 weeks	22	Healthy	UK						
LG1	2015	FOURTHa	LG	nasal	pig	3-4 weeks	22	Healthy	UK						
LG3	2015	FOURTHa	LG	nasal	pig	3-4 weeks	22	Healthy	UK						
LG5	2015	FOURTHa	LG	nasal	pig	3-4 weeks	22	Healthy	UK						
LG7	2015	FOURTHa	LG	nasal	pig	3-4 weeks	22	Healthy	UK						
LG9	2015	FOURTHa	LG	nasal	pig	3-4 weeks	22	Healthy	UK						
MC6095	2015	SIXTH	MC	nasal	pig	3-4 weeks	22	Glasser	Spain						
MC6062	2015	SIXTH	MC	nasal	pig	3-4 weeks	22	Glasser	Spain						
MC6081	2015	SIXTH	MC	nasal	pig	3-4 weeks	22	Glasser	Spain						
MC6094	2015	SIXTH	MC	nasal	pig	3-4 weeks	22	Glasser	Spain						
MC2035	2015	SIXTH	MC	nasal	pig	3-4 weeks	22	Glasser	Spain						
MC2029	2015	SIXTH	MC	nasal	pig	3-4 weeks	22	Glasser	Spain						
MC6060	2015	SIXTH	MC	nasal	pig	3-4 weeks	22	Glasser	Spain						
MC2023	2015	SIXTH	MC	nasal	pig	3-4 weeks	22	Glasser	Spain						
MC2038	2015	SIXTH	MC	nasal	pig	3-4 weeks	22	Glasser	Spain						
MC1518	2015	SIXTH	MC	nasal	pig	3-4 weeks	22	Glasser	Spain						
MTT7	2015	FOURTHb	MT	nasal	pig	3-4 weeks	22	Glasser	Spain						
MTT9	2015	FOURTHb	MT	nasal	pig	3-4 weeks	22	Glasser	Spain						
MT251	2015	FOURTHb	MT	nasal	pig	3-4 weeks	22	Glasser	Spain						
MTT5	2015	FOURTHb	MT	nasal	pig	3-4 weeks	22	Glasser	Spain						
MT225	2015	FOURTHb	MT	nasal	pig	3-4 weeks	22	Glasser	Spain						
MT257	2015	FOURTHb	MT	nasal	pig	3-4 weeks	22	Glasser	Spain						
MTT1	2015	NEW-RUN	MT	nasal	pig	3-4 weeks	22	Glasser	Spain						
MTT3	2015	NEW-RUN	MT	nasal	pig	3-4 weeks	22	Glasser	Spain						
PRAT11	2015	FIFTH	PT	nasal	pig	3-4 weeks	22	Healthy	Spain						
PRAT9	2015	FIFTH	PT	nasal	pig	3-4 weeks	22	Healthy	Spain						
PRAT7	2015	FIFTH	PT	nasal	pig	3-4 weeks	22	Healthy	Spain						
PRAT8	2015	FIFTH	PT	nasal	pig	3-4 weeks	22	Healthy	Spain						
PRAT6	2015	FIFTH	PT	nasal	pig	3-4 weeks	22	Healthy	Spain						
RC310257	2015	FOURTHb	RC	nasal	pig	3-4 weeks	22	Glasser	Spain						
RC210414	2015	FOURTHb	RC	nasal	pig	3-4 weeks	22	Glasser	Spain						
RC2052	2015	FOURTHb	RC	nasal	pig	3-4 weeks	22	Glasser	Spain						
RC310381	2015	FOURTHb	RC	nasal	pig	3-4 weeks	22	Glasser	Spain						
RC2049	2015	FOURTHb	RC	nasal	pig	3-4 weeks	22	Glasser	Spain						
RC2065	2015	FOURTHb	RC	nasal	pig	3-4 weeks	22	Glasser	Spain						
VL1	2015	FOURTHb	VL	nasal	pig	3-4 weeks	22	Healthy	Spain						
VL3	2015	FOURTHb	VL	nasal	pig	3-4 weeks	22	Healthy	Spain						
VL5	2015	FOURTHb	VL	nasal	pig	3-4 weeks	22	Healthy	Spain						
VL7	2015	FOURTHb	VL	nasal	pig	3-4 weeks	22	Healthy	Spain						
VL9	2015	FOURTHb	VL	nasal	pig	3-4 weeks	22	Healthy	Spain						
MC6100	2016	APRIL	MC	nasal	pig	3-4 weeks	22	Healthy	Spain						
MC6197	2016	APRIL	MC	nasal	pig	3-4 weeks	22	Healthy	Spain						
MC6099	2016	APRIL	MC	nasal	pig	3-4 weeks	22	Healthy	Spain						
MC4595	2016	APRIL	MC	nasal	pig	3-4 weeks	22	Healthy	Spain						
MC4600	2016	APRIL	MC	nasal	pig	3-4 weeks	22	Healthy	Spain						
MC4594	2016	APRIL	MC	nasal	pig	3-4 weeks	22	Healthy	Spain						
MC4599	2016	APRIL	MC	nasal	pig	3-4 weeks	22	Healthy	Spain						
MC1705	2016	APRIL	MC	nasal	pig	3-4 weeks	22	Healthy	Spain						
MC1704	2016	APRIL	MC	nasal	pig	3-4 weeks	22	Healthy	Spain						
MC1703	2016	APRIL	MC	nasal	pig	3-4 weeks	22	Healthy	Spain						
MC1701	2016	APRIL	MC	nasal	pig	3-4 weeks	22	Healthy	Spain						
MC1702	2016	APRIL	MC	nasal	pig	3-4 weeks	22	Healthy	Spain						
MT1	2016	APRIL	MT	nasal	pig	3-4 weeks	22	Healthy	Spain						
MT2	2016	APRIL	MT	nasal	pig	3-4 weeks	22	Healthy	Spain						
MT3	2016	APRIL	MT	nasal	pig	3-4 weeks	22	Healthy	Spain						
MT5	2016	APRIL	MT	nasal	pig	3-4 weeks	22	Healthy	Spain						
MT6	2016	APRIL	MT	nasal	pig	3-4 weeks	22	Healthy	Spain						
MT7	2016	APRIL	MT	nasal	pig	3-4 weeks	22	Healthy	Spain						
MT8	2016	APRIL	MT	nasal	pig	3-4 weeks	22	Healthy	Spain						
MT9	2016	APRIL	MT	nasal	pig	3-4 weeks	22	Healthy	Spain						
MG-1	2018	MAYO-AB	MG	nasal	pig	3-4 weeks	22	Healthy	Spain						
MG-10	2018	MAYO-AB	MG	nasal	pig	3-4 weeks	22	Healthy	Spain						
MG-13	2018	MAYO-AB	MG	nasal	pig	3-4 weeks	22	Healthy	Spain						
MG-14	2018	MAYO-AB	MG	nasal	pig	3-4 weeks	22	Healthy	Spain						
MG-15	2018	MAYO-AB	MG	nasal	pig	3-4 weeks	22	Healthy	Spain						
MG-16	2018	MAYO-AB	MG	nasal	pig	3-4 weeks	22	Healthy	Spain						
MG-2	2018	MAYO-AB	MG	nasal	pig	3-4 weeks	22	Healthy	Spain						
MG-20	2018	MAYO-AB	MG	nasal	pig	3-4 weeks	22	Healthy	Spain						
MG-5	2018	MAYO-AB	MG	nasal	pig	3-4 weeks	22	Healthy	Spain						
MG-6	2018	MAYO-AB	MG	nasal	pig	3-4 weeks	22	Healthy	Spain						
MG-9	2018	MAYO-AB	MG	nasal	pig	3-4 weeks	22	Healthy	Spain						
MGT-19	2018	MAYO-AB	MG	nasal	pig	3-4 weeks	22	Healthy	Spain						
A1-D15	2018	ENERO18_PROBIOTICS-RUN1	P3	nasal	pig	D15	15	Healthy	Spain		vac-col				
A10-D15	2018	ENERO18_PROBIOTICS-RUN1	P3	nasal	pig	D15	15	Healthy	Spain		vac-no				
A5-D15	2018	ENERO18_PROBIOTICS-RUN1	P3	nasal	pig	D15	15	Healthy	Spain		vac-col				
A7-D15	2018	ENERO18_PROBIOTICS-RUN1	P3	nasal	pig	D15	15	Healthy	Spain		vac-no				
B12-D15	2018	ENERO18_PROBIOTICS-RUN1	P3	nasal	pig	D15	15	Healthy	Spain		vac-col				
B2-D15	2018	ENERO18_PROBIOTICS-RUN1	P3	nasal	pig	D15	15	Healthy	Spain		vac-no				
B5-D15	2018	ENERO18_PROBIOTICS-RUN1	P3	nasal	pig	D15	15	Healthy	Spain		vac-no				
B9-D15	2018	ENERO18_PROBIOTICS-RUN1	P3	nasal	pig	D15	15	Healthy	Spain		vac-col				
C1-D15	2018	ENERO18_PROBIOTICS-RUN1	P3	nasal	pig	D15	15	Healthy	Spain		no vac-col				
C12-D15	2018	ENERO18_PROBIOTICS-RUN1	P3	nasal	pig	D15	15	Healthy	Spain		no-no				
C15-D15	2018	ENERO18_PROBIOTICS-RUN1	P3	nasal	pig	D15	15	Healthy	Spain		no-no				
C4-D15	2018	ENERO18_PROBIOTICS-RUN1	P3	nasal	pig	D15	15	Healthy	Spain		no vac-col				
C7-D15	2018	ENERO18_PROBIOTICS-RUN1	P3	nasal	pig	D15	15	Healthy	Spain		no vac-col				
C8-D15	2018	ENERO18_PROBIOTICS-RUN1	P3	nasal	pig	D15	15	Healthy	Spain		no-no				
D12-D15	2018	ENERO18_PROBIOTICS-RUN1	P3	nasal	pig	D15	15	Healthy	Spain		no vac-col				
D15-D15	2018	ENERO18_PROBIOTICS-RUN1	P3	nasal	pig	D15	15	Healthy	Spain		no vac-col				
D5-D15	2018	ENERO18_PROBIOTICS-RUN1	P3	nasal	pig	D15	15	Healthy	Spain		no-no				
A11-D15	2018	ENERO18_PROBIOTICS-RUN2	P3	nasal	pig	D15	15	Healthy	Spain		vac-no				
A3-D15	2018	ENERO18_PROBIOTICS-RUN2	P3	nasal	pig	D15	15	Healthy	Spain		vac-col				
A8-D15	2018	ENERO18_PROBIOTICS-RUN2	P3	nasal	pig	D15	15	Healthy	Spain		vac-no				
B10-D15	2018	ENERO18_PROBIOTICS-RUN2	P3	nasal	pig	D15	15	Healthy	Spain		vac-col				
B3-D15	2018	ENERO18_PROBIOTICS-RUN2	P3	nasal	pig	D15	15	Healthy	Spain		vac-no				
B6-D15	2018	ENERO18_PROBIOTICS-RUN2	P3	nasal	pig	D15	15	Healthy	Spain		vac-no				
B7-D15	2018	ENERO18_PROBIOTICS-RUN2	P3	nasal	pig	D15	15	Healthy	Spain		vac-col				
C13-D15	2018	ENERO18_PROBIOTICS-RUN2	P3	nasal	pig	D15	15	Healthy	Spain		no-no				
C2-D15	2018	ENERO18_PROBIOTICS-RUN2	P3	nasal	pig	D15	15	Healthy	Spain		no vac-col				
C5-D15	2018	ENERO18_PROBIOTICS-RUN2	P3	nasal	pig	D15	15	Healthy	Spain		no vac-col				
C9-D15	2018	ENERO18_PROBIOTICS-RUN2	P3	nasal	pig	D15	15	Healthy	Spain		no-no				
D1-D15	2018	ENERO18_PROBIOTICS-RUN2	P3	nasal	pig	D15	15	Healthy	Spain		no-no				
D10-D15	2018	ENERO18_PROBIOTICS-RUN2	P3	nasal	pig	D15	15	Healthy	Spain		no vac-col				
D13-D15	2018	ENERO18_PROBIOTICS-RUN2	P3	nasal	pig	D15	15	Healthy	Spain		no vac-col				
D16-D15	2018	ENERO18_PROBIOTICS-RUN2	P3	nasal	pig	D15	15	Healthy	Spain		no vac-col				
D6-D15	2018	ENERO18_PROBIOTICS-RUN2	P3	nasal	pig	D15	15	Healthy	Spain		no-no				
A12-D15	2018	ENERO18_PROBIOTICS-RUN3	P3	nasal	pig	D15	15	Healthy	Spain		vac-no				
A4-D15	2018	ENERO18_PROBIOTICS-RUN3	P3	nasal	pig	D15	15	Healthy	Spain		vac-col				
A9-D15	2018	ENERO18_PROBIOTICS-RUN3	P3	nasal	pig	D15	15	Healthy	Spain		vac-no				
B11-D15	2018	ENERO18_PROBIOTICS-RUN3	P3	nasal	pig	D15	15	Healthy	Spain		vac-col				
B4-D15	2018	ENERO18_PROBIOTICS-RUN3	P3	nasal	pig	D15	15	Healthy	Spain		vac-no				
B8-D15	2018	ENERO18_PROBIOTICS-RUN3	P3	nasal	pig	D15	15	Healthy	Spain		vac-col				
C10-D15	2018	ENERO18_PROBIOTICS-RUN3	P3	nasal	pig	D15	15	Healthy	Spain		no-no				
C14-D15	2018	ENERO18_PROBIOTICS-RUN3	P3	nasal	pig	D15	15	Healthy	Spain		no-no				
C3-D15	2018	ENERO18_PROBIOTICS-RUN3	P3	nasal	pig	D15	15	Healthy	Spain		no vac-col				
C6-D15	2018	ENERO18_PROBIOTICS-RUN3	P3	nasal	pig	D15	15	Healthy	Spain		no vac-col				
D11-D15	2018	ENERO18_PROBIOTICS-RUN3	P3	nasal	pig	D15	15	Healthy	Spain		no vac-col				
D14-D15	2018	ENERO18_PROBIOTICS-RUN3	P3	nasal	pig	D15	15	Healthy	Spain		no vac-col				
D17-D15	2018	ENERO18_PROBIOTICS-RUN3	P3	nasal	pig	D15	15	Healthy	Spain		no vac-col				
D18-D15	2018	ENERO18_PROBIOTICS-RUN3	P3	nasal	pig	D15	15	Healthy	Spain		no vac-col				
D2-D15	2018	ENERO18_PROBIOTICS-RUN3	P3	nasal	pig	D15	15	Healthy	Spain		no-no				
D9-D15	2018	ENERO18_PROBIOTICS-RUN3	P3	nasal	pig	D15	15	Healthy	Spain		no-no				
504309	2021	RUN-Mauricio-Pau	SPF	nasal	pig	NA	60	Healthy	France						
7D1225	2021	RUN-Mauricio-Pau	SPF	nasal	pig	NA	60	Healthy	France						
504353	2021	RUN-Mauricio-Pau	SPF	nasal	pig	NA	60	Healthy	France						
7D1426	2021	RUN-Mauricio-Pau	SPF	nasal	pig	NA	60	Healthy	France						
7D1271	2021	RUN-Mauricio-Pau	SPF	nasal	pig	NA	60	Healthy	France						
700514	2021	RUN-Mauricio-Pau	SPF	nasal	pig	NA	60	Healthy	France						
700563	2021	RUN-Mauricio-Pau	SPF	nasal	pig	NA	60	Healthy	France						
701081	2021	RUN-Mauricio-Pau	SPF	nasal	pig	NA	60	Healthy	France						
507241	2021	RUN-Mauricio-Pau	SPF	nasal	pig	NA	60	Healthy	France						
504375	2021	RUN-Mauricio-Pau	SPF	nasal	pig	NA	60	Healthy	France						
507532	2021	RUN-Mauricio-Pau	SPF	nasal	pig	NA	60	Healthy	France						
700353	2021	RUN-Mauricio-Pau	SPF	nasal	pig	NA	60	Healthy	France						
7D1553	2021	RUN-Mauricio-Pau	SPF	nasal	pig	NA	60	Healthy	France						
507527	2021	RUN-Mauricio-Pau	SPF	nasal	pig	NA	60	Healthy	France						
112L	2020	LOURDES-nasal-IBB	farm-ASN	nasal	pig	21	22	Healthy	Spain		C	M	no	no	no
111L	2020	LOURDES-nasal-IBB	farm-ASN	nasal	pig	21	22	Healthy	Spain		E	M	no	no	no
114L	2020	LOURDES-nasal-IBB	farm-ASN	nasal	pig	21	22	Healthy	Spain		A	H	no	no	no
204	2020	LOURDES-nasal-IBB	farm-ASN	nasal	pig	21	22	Healthy	Spain		C	H	no	no	no
207	2020	LOURDES-nasal-IBB	farm-ASN	nasal	pig	21	22	Healthy	Spain		A	H	no	no	no
360	2020	LOURDES-nasal-IBB	farm-ASN	nasal	pig	21	22	Healthy	Spain		A	M	no	no	no
369	2020	LOURDES-nasal-IBB	farm-ASN	nasal	pig	21	22	Healthy	Spain		C	H	no	no	no
400	2020	LOURDES-nasal-IBB	farm-ASN	nasal	pig	21	22	Healthy	Spain		C	H	no	no	no
405	2020	LOURDES-nasal-IBB	farm-ASN	nasal	pig	21	22	Healthy	Spain		A	M	no	no	no
455	2020	LOURDES-nasal-IBB	farm-ASN	nasal	pig	21	22	Healthy	Spain		A	H	no	no	no
456	2020	LOURDES-nasal-IBB	farm-ASN	nasal	pig	21	22	Healthy	Spain		C	H	no	no	no
556	2020	LOURDES-nasal-IBB	farm-ASN	nasal	pig	21	22	Healthy	Spain		C	H	no	no	no
557	2020	LOURDES-nasal-IBB	farm-ASN	nasal	pig	21	22	Healthy	Spain		A	M	no	no	no
570	2020	LOURDES-nasal-IBB	farm-ASN	nasal	pig	21	22	Healthy	Spain		A	H	no	no	no
571	2020	LOURDES-nasal-IBB	farm-ASN	nasal	pig	21	22	Healthy	Spain		C	H	no	no	no
639	2020	LOURDES-nasal-IBB	farm-ASN	nasal	pig	21	22	Healthy	Spain		A	M	no	no	no
642	2020	LOURDES-nasal-IBB	farm-ASN	nasal	pig	21	22	Healthy	Spain		C	M	no	no	no
652	2020	LOURDES-nasal-IBB	farm-ASN	nasal	pig	21	22	Healthy	Spain		C	H	no	no	no
654	2020	LOURDES-nasal-IBB	farm-ASN	nasal	pig	21	22	Healthy	Spain		A	M	no	no	no
667	2020	LOURDES-nasal-IBB	farm-ASN	nasal	pig	21	22	Healthy	Spain		C	M	no	no	no
669	2020	LOURDES-nasal-IBB	farm-ASN	nasal	pig	21	22	Healthy	Spain		A	H	no	no	no
111Z	2020	LOURDES-nasal-IBB	farm-ASN	nasal	pig	0	0	Healthy	Spain		0	M	NA	NA	NA
206Z	2020	LOURDES-nasal-IBB	farm-ASN	nasal	pig	0	0	Healthy	Spain		0	H	NA	NA	NA
360Z	2020	LOURDES-nasal-IBB	farm-ASN	nasal	pig	0	0	Healthy	Spain		0	M	NA	NA	NA
399Z	2020	LOURDES-nasal-IBB	farm-ASN	nasal	pig	0	0	Healthy	Spain		0	M	NA	NA	NA
454Z	2020	LOURDES-nasal-IBB	farm-ASN	nasal	pig	0	0	Healthy	Spain		0	M	NA	NA	NA
556Z	2020	LOURDES-nasal-IBB	farm-ASN	nasal	pig	0	0	Healthy	Spain		0	M	NA	NA	NA
566Z	2020	LOURDES-nasal-IBB	farm-ASN	nasal	pig	0	0	Healthy	Spain		0	H	NA	NA	NA
639Z	2020	LOURDES-nasal-IBB	farm-ASN	nasal	pig	0	0	Healthy	Spain		0	M	NA	NA	NA
651Z	2020	LOURDES-nasal-IBB	farm-ASN	nasal	pig	0	0	Healthy	Spain		0	M	NA	NA	NA
668Z	2020	LOURDES-nasal-IBB	farm-ASN	nasal	pig	0	0	Healthy	Spain		0	H	NA	NA	NA
674Z	2020	LOURDES-nasal-IBB	farm-ASN	nasal	pig	0	0	Healthy	Spain		0	M	NA	NA	NA
443N-DNA	2023	vaccin_response_run1	farmG3	nasal	pig	3-4 weeks	22	Healthy	Spain						
448N-DNA	2023	vaccin_response_run1	farmG3	nasal	pig	3-4 weeks	22	Healthy	Spain						
452N-DNA	2023	vaccin_response_run1	farmG3	nasal	pig	3-4 weeks	22	Healthy	Spain						
456N-DNA	2023	vaccin_response_run1	farmG3	nasal	pig	3-4 weeks	22	Healthy	Spain						
460N-DNA	2023	vaccin_response_run1	farmG3	nasal	pig	3-4 weeks	22	Healthy	Spain						
464N-DNA	2023	vaccin_response_run1	farmG3	nasal	pig	3-4 weeks	22	Healthy	Spain						
480N-DNA	2023	vaccin_response_run1	farmG3	nasal	pig	3-4 weeks	22	Healthy	Spain						
484N-DNA	2023	vaccin_response_run1	farmG3	nasal	pig	3-4 weeks	22	Healthy	Spain						
577N-DNA	2023	vaccin_response_run1	farmFD2	nasal	pig	3-4 weeks	22	Healthy	Spain						
578N-DNA	2023	vaccin_response_run1	farmFD2	nasal	pig	3-4 weeks	22	Healthy	Spain						
579N-DNA	2023	vaccin_response_run1	farmFD2	nasal	pig	3-4 weeks	22	Healthy	Spain						
580N-DNA	2023	vaccin_response_run1	farmFD2	nasal	pig	3-4 weeks	22	Healthy	Spain						
581N-DNA	2023	vaccin_response_run1	farmFD2	nasal	pig	3-4 weeks	22	Healthy	Spain						
583N-DNA	2023	vaccin_response_run1	farmFD2	nasal	pig	3-4 weeks	22	Healthy	Spain						
584N-DNA	2023	vaccin_response_run1	farmFD2	nasal	pig	3-4 weeks	22	Healthy	Spain						
585N-DNA	2023	vaccin_response_run1	farmFD2	nasal	pig	3-4 weeks	22	Healthy	Spain						
682N-DNA	2023	vaccin_response_run1	farmFD1	nasal	pig	3-4 weeks	22	Healthy	Spain						
683N-DNA	2023	vaccin_response_run1	farmFD1	nasal	pig	3-4 weeks	22	Healthy	Spain						
684N-DNA	2023	vaccin_response_run1	farmFD1	nasal	pig	3-4 weeks	22	Healthy	Spain						
687N-DNA	2023	vaccin_response_run1	farmFD1	nasal	pig	3-4 weeks	22	Healthy	Spain						
689N-DNA	2023	vaccin_response_run1	farmFD1	nasal	pig	3-4 weeks	22	Healthy	Spain						
690N-DNA	2023	vaccin_response_run1	farmFD1	nasal	pig	3-4 weeks	22	Healthy	Spain						
691N-DNA	2023	vaccin_response_run1	farmFD1	nasal	pig	3-4 weeks	22	Healthy	Spain						
694N-DNA	2023	vaccin_response_run1	farmFD1	nasal	pig	3-4 weeks	22	Healthy	Spain						
DNA1-NS-Deep	2023	fecal_contam_run1	cresa	nasal	pig	3-4 weeks	22	Healthy	Spain						
DNA1-NS-External	2023	fecal_contam_run1	cresa	nasal	pig	3-4 weeks	22	Healthy	Spain						
DNA1-NS-Middle	2023	fecal_contam_run1	cresa	nasal	pig	3-4 weeks	22	Healthy	Spain						
DNA1-NS-Standard	2023	fecal_contam_run1	cresa	nasal	pig	3-4 weeks	22	Healthy	Spain						
DNA2-NS-Deep	2023	fecal_contam_run1	cresa	nasal	pig	3-4 weeks	22	Healthy	Spain						
DNA2-NS-External	2023	fecal_contam_run1	cresa	nasal	pig	3-4 weeks	22	Healthy	Spain						
DNA2-NS-Middle	2023	fecal_contam_run1	cresa	nasal	pig	3-4 weeks	22	Healthy	Spain						
DNA2-NS-Standard	2023	fecal_contam_run1	cresa	nasal	pig	3-4 weeks	22	Healthy	Spain						
DNA3-NS-Deep	2023	fecal_contam_run1	cresa	nasal	pig	3-4 weeks	22	Healthy	Spain						
DNA3-NS-External	2023	fecal_contam_run1	cresa	nasal	pig	3-4 weeks	22	Healthy	Spain						
DNA3-NS-Middle	2023	fecal_contam_run1	cresa	nasal	pig	3-4 weeks	22	Healthy	Spain						
DNA3-NS-Standard	2023	fecal_contam_run1	cresa	nasal	pig	3-4 weeks	22	Healthy	Spain						
DNA4-NS-Deep	2023	fecal_contam_run1	cresa	nasal	pig	3-4 weeks	22	Healthy	Spain						
DNA4-NS-External	2023	fecal_contam_run1	cresa	nasal	pig	3-4 weeks	22	Healthy	Spain						
DNA4-NS-Middle	2023	fecal_contam_run1	cresa	nasal	pig	3-4 weeks	22	Healthy	Spain						
DNA4-NS-Standard	2023	fecal_contam_run1	cresa	nasal	pig	3-4 weeks	22	Healthy	Spain						
DNA5-NS-Deep	2023	fecal_contam_run1	cresa	nasal	pig	3-4 weeks	22	Healthy	Spain						
DNA5-NS-External	2023	fecal_contam_run1	cresa	nasal	pig	3-4 weeks	22	Healthy	Spain						
DNA5-NS-Middle	2023	fecal_contam_run1	cresa	nasal	pig	3-4 weeks	22	Healthy	Spain						
DNA5-NS-Standard	2023	fecal_contam_run1	cresa	nasal	pig	3-4 weeks	22	Healthy	Spain						
41	2023	PRRSV_RUN2	PRRSV	nasal	pig	3-4 weeks	22	PRSSV	Spain						
42	2023	PRRSV_RUN2	PRRSV	nasal	pig	3-4 weeks	22	PRSSV	Spain						
61	2023	PRRSV_RUN2	PRRSV	nasal	pig	3-4 weeks	22	PRSSV	Spain						
63	2023	PRRSV_RUN2	PRRSV	nasal	pig	3-4 weeks	22	PRSSV	Spain						
71	2023	PRRSV_RUN2	PRRSV	nasal	pig	3-4 weeks	22	PRSSV	Spain						
72	2023	PRRSV_RUN2	PRRSV	nasal	pig	3-4 weeks	22	PRSSV	Spain						
73	2023	PRRSV_RUN2	PRRSV	nasal	pig	3-4 weeks	22	PRSSV	Spain						
76	2023	PRRSV_RUN2	PRRSV	nasal	pig	3-4 weeks	22	PRSSV	Spain						
90	2023	PRRSV_RUN2	PRRSV	nasal	pig	3-4 weeks	22	PRSSV	Spain						
92	2023	PRRSV_RUN2	PRRSV	nasal	pig	3-4 weeks	22	PRSSV	Spain						
93	2023	PRRSV_RUN2	PRRSV	nasal	pig	3-4 weeks	22	PRSSV	Spain						
94	2023	PRRSV_RUN2	PRRSV	nasal	pig	3-4 weeks	22	PRSSV	Spain						
95	2023	PRRSV_RUN2	PRRSV	nasal	pig	3-4 weeks	22	PRSSV	Spain						
96	2023	PRRSV_RUN2	PRRSV	nasal	pig	3-4 weeks	22	PRSSV	Spain						
101	2023	PRRSV_RUN2	PRRSV	nasal	pig	3-4 weeks	22	PRSSV	Spain						
103	2023	PRRSV_RUN2	PRRSV	nasal	pig	3-4 weeks	22	PRSSV	Spain						
104	2023	PRRSV_RUN2	PRRSV	nasal	pig	3-4 weeks	22	PRSSV	Spain						
105	2023	PRRSV_RUN2	PRRSV	nasal	pig	3-4 weeks	22	PRSSV	Spain						
106	2023	PRRSV_RUN2	PRRSV	nasal	pig	3-4 weeks	22	PRSSV	Spain						
107	2023	PRRSV_RUN2	PRRSV	nasal	pig	3-4 weeks	22	PRSSV	Spain						
108	2023	PRRSV_RUN2	PRRSV	nasal	pig	3-4 weeks	22	PRSSV	Spain						
117	2023	PRRSV_RUN2	PRRSV	nasal	pig	3-4 weeks	22	PRSSV	Spain						
1011	2023	PRRSV_RUN2	PRRSV	nasal	pig	3-4 weeks	22	PRSSV	Spain						
1064	2023	PRRSV_RUN2	PRRSV	nasal	pig	3-4 weeks	22	PRSSV	Spain						
1298	2023	PRRSV_RUN2	PRRSV	nasal	pig	3-4 weeks	22	PRSSV	Spain						
9134	2023	PRRSV_RUN2	PRRSV	nasal	pig	3-4 weeks	22	PRSSV	Spain						
9161	2023	PRRSV_RUN2	PRRSV	nasal	pig	3-4 weeks	22	PRSSV	Spain						
O102	2023	PRRSV_RUN2	PRRSV	nasal	pig	3-4 weeks	22	PRSSV	Spain						
O204	2023	PRRSV_RUN2	PRRSV	nasal	pig	3-4 weeks	22	PRSSV	Spain						
81	2023	PRRSV_RUN1	PRRSV	nasal	pig	3-4 weeks	22	PRSSV	Spain						
82	2023	PRRSV_RUN1	PRRSV	nasal	pig	3-4 weeks	22	PRSSV	Spain						
83	2023	PRRSV_RUN1	PRRSV	nasal	pig	3-4 weeks	22	PRSSV	Spain						
84	2023	PRRSV_RUN1	PRRSV	nasal	pig	3-4 weeks	22	PRSSV	Spain						
85	2023	PRRSV_RUN1	PRRSV	nasal	pig	3-4 weeks	22	PRSSV	Spain						
86	2023	PRRSV_RUN1	PRRSV	nasal	pig	3-4 weeks	22	PRSSV	Spain						
87	2023	PRRSV_RUN1	PRRSV	nasal	pig	3-4 weeks	22	PRSSV	Spain						
88	2023	PRRSV_RUN1	PRRSV	nasal	pig	3-4 weeks	22	PRSSV	Spain						
98	2023	PRRSV_RUN1	PRRSV	nasal	pig	3-4 weeks	22	PRSSV	Spain						
99	2023	PRRSV_RUN1	PRRSV	nasal	pig	3-4 weeks	22	PRSSV	Spain						
100	2023	PRRSV_RUN1	PRRSV	nasal	pig	3-4 weeks	22	PRSSV	Spain						
110	2023	PRRSV_RUN1	PRRSV	nasal	pig	3-4 weeks	22	PRSSV	Spain						
111	2023	PRRSV_RUN1	PRRSV	nasal	pig	3-4 weeks	22	PRSSV	Spain						
112	2023	PRRSV_RUN1	PRRSV	nasal	pig	3-4 weeks	22	PRSSV	Spain						
113	2023	PRRSV_RUN1	PRRSV	nasal	pig	3-4 weeks	22	PRSSV	Spain						
115	2023	PRRSV_RUN1	PRRSV	nasal	pig	3-4 weeks	22	PRSSV	Spain						
116	2023	PRRSV_RUN1	PRRSV	nasal	pig	3-4 weeks	22	PRSSV	Spain						
379	2023	PRRSV_RUN1	PRRSV	nasal	pig	3-4 weeks	22	PRSSV	Spain						
1246	2023	PRRSV_RUN1	PRRSV	nasal	pig	3-4 weeks	22	PRSSV	Spain						
1247	2023	PRRSV_RUN1	PRRSV	nasal	pig	3-4 weeks	22	PRSSV	Spain						
9287	2023	PRRSV_RUN1	PRRSV	nasal	pig	3-4 weeks	22	PRSSV	Spain						
9442	2023	PRRSV_RUN1	PRRSV	nasal	pig	3-4 weeks	22	PRSSV	Spain						
1-D0	2018	A	BARO	nasal	pig	D0	0	Disease	Spain		No				
112-D21	2018	B	BARO	nasal	pig	D21	22	Disease	Spain		No				
112-D49	2018	A	BARO	nasal	pig	D49	50	Disease	Spain		No				
112-D7	2018	A	BARO	nasal	pig	D7	7	Disease	Spain		No				
123-D21	2018	A	BARO	nasal	pig	D21	22	Disease	Spain		No				
123-D49	2018	B	BARO	nasal	pig	D49	50	Disease	Spain		No				
123-D7	2018	B	BARO	nasal	pig	D7	7	Disease	Spain		No				
129-D21	2018	B	BARO	nasal	pig	D21	22	Disease	Spain		No				
129-D49	2018	A	BARO	nasal	pig	D49	50	Disease	Spain		No				
129-D7	2018	A	BARO	nasal	pig	D7	7	Disease	Spain		No				
21-D0	2018	B	BARO	nasal	pig	D0	0	Disease	Spain		No				
259-D21	2018	A	BARO	nasal	pig	D21	22	Disease	Spain		No				
259-D49	2018	B	BARO	nasal	pig	D49	50	Disease	Spain		No				
259-D7	2018	B	BARO	nasal	pig	D7	7	Disease	Spain		No				
2601-D21	2018	C	BARO	nasal	pig	D21	22	Disease	Spain		Ab				
2601-D55	2018	B	BARO	nasal	pig	D55	50	Disease	Spain		Ab				
2601-D7	2018	A	BARO	nasal	pig	D7	7	Disease	Spain		Ab				
2602-D0	2018	B	BARO	nasal	pig	D0	0	Disease	Spain		Ab				
2612-D0	2018	A	BARO	nasal	pig	D0	0	Disease	Spain		Ab				
2613-D0	2018	B	BARO	nasal	pig	D0	0	Disease	Spain		Ab				
2616-D0	2018	A	BARO	nasal	pig	D0	0	Disease	Spain		Ab				
2617-D21	2018	C	BARO	nasal	pig	D21	22	Disease	Spain		Ab				
2617-D55	2018	A	BARO	nasal	pig	D55	50	Disease	Spain		Ab				
2617-D7	2018	B	BARO	nasal	pig	D7	7	Disease	Spain		Ab				
2619-D0	2018	B	BARO	nasal	pig	D0	0	Disease	Spain		Ab				
2666-D21	2018	C	BARO	nasal	pig	D21	22	Disease	Spain		Ab				
2666-D55	2018	B	BARO	nasal	pig	D55	50	Disease	Spain		Ab				
2666-D7	2018	A	BARO	nasal	pig	D7	7	Disease	Spain		Ab				
2698-D21	2018	C	BARO	nasal	pig	D21	22	Disease	Spain		Ab				
2698-D55	2018	A	BARO	nasal	pig	D55	50	Disease	Spain		Ab				
2698-D7	2018	B	BARO	nasal	pig	D7	7	Disease	Spain		Ab				
2714-D21	2018	C	BARO	nasal	pig	D21	22	Disease	Spain		Ab				
2714-D55	2018	B	BARO	nasal	pig	D55	50	Disease	Spain		Ab				
2714-D7	2018	A	BARO	nasal	pig	D7	7	Disease	Spain		Ab				
28-D0	2018	A	BARO	nasal	pig	D0	0	Disease	Spain		No				
29-D0	2018	B	BARO	nasal	pig	D0	0	Disease	Spain		No				
30-D0	2018	A	BARO	nasal	pig	D0	0	Disease	Spain		No				
334-D21	2018	B	BARO	nasal	pig	D21	22	Disease	Spain		No				
334-D49	2018	A	BARO	nasal	pig	D49	50	Disease	Spain		No				
334-D7	2018	A	BARO	nasal	pig	D7	7	Disease	Spain		No				
338-D21	2018	A	BARO	nasal	pig	D21	22	Disease	Spain		No				
338-D49	2018	B	BARO	nasal	pig	D49	50	Disease	Spain		No				
338-D7	2018	B	BARO	nasal	pig	D7	7	Disease	Spain		No				
351-D21	2018	B	BARO	nasal	pig	D21	22	Disease	Spain		No				
351-D49	2018	A	BARO	nasal	pig	D49	50	Disease	Spain		No				
351-D7	2018	A	BARO	nasal	pig	D7	7	Disease	Spain		No				
358-D21	2018	A	BARO	nasal	pig	D21	22	Disease	Spain		No				
358-D49	2018	B	BARO	nasal	pig	D49	50	Disease	Spain		No				
358-D7	2018	B	BARO	nasal	pig	D7	7	Disease	Spain		No				
508-D21	2018	B	BARO	nasal	pig	D21	22	Disease	Spain		No				
508-D49	2018	A	BARO	nasal	pig	D49	49	Disease	Spain		No				
508-D7	2018	A	BARO	nasal	pig	D7	7	Disease	Spain		No				
509-D49	2018	B	BARO	nasal	pig	D49	50	Disease	Spain		No				
509-D7	2018	B	BARO	nasal	pig	D7	7	Disease	Spain		No				
516-D21	2018	B	BARO	nasal	pig	D21	22	Disease	Spain		No				
516-D49	2018	A	BARO	nasal	pig	D49	50	Disease	Spain		No				
516-D7	2018	A	BARO	nasal	pig	D7	7	Disease	Spain		No				
554-D21	2018	A	BARO	nasal	pig	D21	22	Disease	Spain		No				
554-D49	2018	B	BARO	nasal	pig	D49	50	Disease	Spain		No				
554-D7	2018	B	BARO	nasal	pig	D7	7	Disease	Spain		No				
6-D21	2018	B	BARO	nasal	pig	D21	22	Disease	Spain		No				
6-D49	2018	A	BARO	nasal	pig	D49	50	Disease	Spain		No				
6-D7	2018	A	BARO	nasal	pig	D7	7	Disease	Spain		No				
629-D21	2018	B	BARO	nasal	pig	D21	22	Disease	Spain		No				
629-D49	2018	A	BARO	nasal	pig	D49	50	Disease	Spain		No				
629-D7	2018	A	BARO	nasal	pig	D7	7	Disease	Spain		No				
75-D21	2018	A	BARO	nasal	pig	D21	22	Disease	Spain		No				
75-D49	2018	B	BARO	nasal	pig	D49	50	Disease	Spain		No				
75-D7	2018	B	BARO	nasal	pig	D7	7	Disease	Spain		No				
753-D21	2018	A	BARO	nasal	pig	D21	22	Disease	Spain		No				
753-D49	2018	B	BARO	nasal	pig	D49	50	Disease	Spain		No				
753-D7	2018	B	BARO	nasal	pig	D7	7	Disease	Spain		No				
831-D21	2018	B	BARO	nasal	pig	D21	22	Disease	Spain		No				
831-D49	2018	A	BARO	nasal	pig	D49	50	Disease	Spain		No				
831-D7	2018	A	BARO	nasal	pig	D7	7	Disease	Spain		No				
842-D21	2018	A	BARO	nasal	pig	D21	22	Disease	Spain		No				
842-D49	2018	B	BARO	nasal	pig	D49	50	Disease	Spain		No				
842-D7	2018	B	BARO	nasal	pig	D7	7	Disease	Spain		No				
861-D21	2018	B	BARO	nasal	pig	D21	22	Disease	Spain		No				
861-D49	2018	A	BARO	nasal	pig	D49	50	Disease	Spain		No				
861-D7	2018	A	BARO	nasal	pig	D7	7	Disease	Spain		No				
889-D21	2018	A	BARO	nasal	pig	D21	22	Disease	Spain		No				
889-D49	2018	B	BARO	nasal	pig	D49	50	Disease	Spain		No				
889-D7	2018	B	BARO	nasal	pig	D7	7	Disease	Spain		No				
SRR8207443	2018	Wang		nasal	pig	2-3 weeks									
SRR8207444	2018	Wang		nasal	pig	2-3 weeks									
SRR8207445	2018	Wang		nasal	pig	2-3 weeks									
SRR8207446	2018	Wang		nasal	pig	2-3 weeks									
SRR8207447	2018	Wang		nasal	pig	2-3 weeks									
SRR8207448	2018	Wang		nasal	pig	2-3 weeks									
SRR8207449	2018	Wang		nasal	pig	2-3 weeks									
SRR8207450	2018	Wang		nasal	pig	2-3 weeks									
SRR8207451	2018	Wang		nasal	pig	2-3 weeks									
SRR8207452	2018	Wang		nasal	pig	2-3 weeks									
SRR8207453	2018	Wang		nasal	pig	2-3 weeks									
SRR8207454	2018	Wang		nasal	pig	2-3 weeks									
SRR8207455	2018	Wang		nasal	pig	2-3 weeks									
SRR8207456	2018	Wang		nasal	pig	2-3 weeks									
SRR8207457	2018	Wang		nasal	pig	2-3 weeks									
SRR8207458	2018	Wang		nasal	pig	2-3 weeks									
SRR8207459	2018	Wang		nasal	pig	2-3 weeks									
SRR8207460	2018	Wang		nasal	pig	2-3 weeks									
SRR8207461	2018	Wang		nasal	pig	2-3 weeks									
SRR8207462	2018	Wang		nasal	pig	2-3 weeks									
SRR8207463	2018	Wang		nasal	pig	2-3 weeks									
SRR8207464	2018	Wang		nasal	pig	2-3 weeks									
SRR8207465	2018	Wang		nasal	pig	2-3 weeks									
SRR8207466	2018	Wang		nasal	pig	2-3 weeks									
SRR8207467	2018	Wang		nasal	pig	2-3 weeks									
SRR8207468	2018	Wang		nasal	pig	2-3 weeks									
SRR8207469	2018	Wang		nasal	pig	2-3 weeks									
SRR8207470	2018	Wang		nasal	pig	2-3 weeks									
SRR8207471	2018	Wang		nasal	pig	2-3 weeks									
SRR8207472	2018	Wang		nasal	pig	2-3 weeks									
SRR8207473	2018	Wang		nasal	pig	2-3 weeks									
SRR8207474	2018	Wang		nasal	pig	2-3 weeks									
SRR8207475	2018	Wang		nasal	pig	2-3 weeks									
SRR5154048		Unknow2		nasal	pig										
SRR5154051		Unknow2		nasal	pig										
SRR5154053		Unknow2		nasal	pig										
SRR5154056		Unknow2		nasal	pig										
SRR5154058		Unknow2		nasal	pig										
SRR5154060		Unknow2		nasal	pig										
SRR5154063		Unknow2		nasal	pig										
SRR5154065		Unknow2		nasal	pig										
SRR5154068		Unknow2		nasal	pig										
SRR5154070		Unknow2		nasal	pig										
SRR5154073		Unknow2		nasal	pig										
SRR5154075		Unknow2		nasal	pig										
SRR5154077		Unknow2		nasal	pig										
SRR5154078		Unknow2		nasal	pig										
SRR5154079		Unknow2		nasal	pig										
SRR5154080		Unknow2		nasal	pig										
SRR5154081		Unknow2		nasal	pig										
SRR5154082		Unknow2		nasal	pig										
SRR5154083		Unknow2		nasal	pig										
SRR5154084		Unknow2		nasal	pig										
SRR5154085		Unknow2		nasal	pig										
SRR5154086		Unknow2		nasal	pig										
SRR5154087		Unknow2		nasal	pig										
SRR5154088		Unknow2		nasal	pig										
SRR5154089		Unknow2		nasal	pig										
SRR5154090		Unknow2		nasal	pig										
SRR5154091		Unknow2		nasal	pig										
SRR5154095		Unknow2		nasal	pig										
SRR5154097		Unknow2		nasal	pig										
SRR5154100		Unknow2		nasal	pig										
SRR5154484		Unknow2		nasal	pig										
SRR5154485		Unknow2		nasal	pig										
SRR5154486		Unknow2		nasal	pig										
SRR5154488		Unknow2		nasal	pig										
SRR5154490		Unknow2		nasal	pig										
SRR5154493		Unknow2		nasal	pig										
SRR5154496		Unknow2		nasal	pig										
SRR5154498		Unknow2		nasal	pig										
SRR5154501		Unknow2		nasal	pig										
SRR5154504		Unknow2		nasal	pig										
SRR5154506		Unknow2		nasal	pig										
SRR5154509		Unknow2		nasal	pig										
SRR5154511		Unknow2		nasal	pig										
SRR5154514		Unknow2		nasal	pig										
SRR5154517		Unknow2		nasal	pig										
SRR5154518		Unknow2		nasal	pig										
SRR5154520		Unknow2		nasal	pig										
SRR5154521		Unknow2		nasal	pig										
SRR5154523		Unknow2		nasal	pig										
SRR5154524		Unknow2		nasal	pig										
SRR5154525		Unknow2		nasal	pig										
SRR5154526		Unknow2		nasal	pig										
SRR5154527		Unknow2		nasal	pig										
SRR5154528		Unknow2		nasal	pig										
SRR5154529		Unknow2		nasal	pig										
SRR5154530		Unknow2		nasal	pig										
SRR5154531		Unknow2		nasal	pig										
SRR5154532		Unknow2		nasal	pig										
SRR5154533		Unknow2		nasal	pig										
SRR5154534		Unknow2		nasal	pig										
SRR5154537		Unknow2		nasal	pig										
SRR5154538		Unknow2		nasal	pig										
SRR5154539		Unknow2		nasal	pig										
SRR5154540		Unknow2		nasal	pig										
SRR5154541		Unknow2		nasal	pig										
SRR5154542		Unknow2		nasal	pig										
SRR5154543		Unknow2		nasal	pig										
SRR5154544		Unknow2		nasal	pig										
SRR5154545		Unknow2		nasal	pig										
SRR5154546		Unknow2		nasal	pig										
SRR5154547		Unknow2		nasal	pig										
SRR5154548		Unknow2		nasal	pig										
SRR5154549		Unknow2		nasal	pig										
SRR5154550		Unknow2		nasal	pig										
SRR5154551		Unknow2		nasal	pig										
SRR5154552		Unknow2		nasal	pig										
SRR5154553		Unknow2		nasal	pig										
SRR5154554		Unknow2		nasal	pig										
SRR5154555		Unknow2		nasal	pig										
SRR5154556		Unknow2		nasal	pig										
SRR5154557		Unknow2		nasal	pig										
SRR5154558		Unknow2		nasal	pig										
SRR5154559		Unknow2		nasal	pig										
SRR5154560		Unknow2		nasal	pig										
SRR5154561		Unknow2		nasal	pig										
SRR5154562		Unknow2		nasal	pig										
SRR5154563		Unknow2		nasal	pig										
SRR5154564		Unknow2		nasal	pig										
SRR5154565		Unknow2		nasal	pig										
SRR5154566		Unknow2		nasal	pig										
SRR5154567		Unknow2		nasal	pig										
SRR5154568		Unknow2		nasal	pig										
SRR5154569		Unknow2		nasal	pig										
SRR5154570		Unknow2		nasal	pig										
SRR5154571		Unknow2		nasal	pig										
SRR5154572		Unknow2		nasal	pig										
SRR5154573		Unknow2		nasal	pig										
SRR5154574		Unknow2		nasal	pig										
SRR5154575		Unknow2		nasal	pig										
SRR5154576		Unknow2		nasal	pig										
SRR14982026		Unknown		nasal	pig										
SRR14982027		Unknown		nasal	pig										
SRR14982028		Unknown		nasal	pig										
SRR14982029		Unknown		nasal	pig										
SRR14982030		Unknown		nasal	pig										
SRR14982031		Unknown		nasal	pig										
SRR14982041		Unknown		nasal	pig										
SRR14982052		Unknown		nasal	pig										
SRR14982058		Unknown		nasal	pig										
SRR14982059		Unknown		nasal	pig										
SRR14982060		Unknown		nasal	pig										
SRR14982061		Unknown		nasal	pig										
SRR14982062		Unknown		nasal	pig										
SRR14982067		Unknown		nasal	pig										
SRR14982068		Unknown		nasal	pig										
SRR14982069		Unknown		nasal	pig										
SRR14982070		Unknown		nasal	pig										
SRR14982071		Unknown		nasal	pig										
SRR14982072		Unknown		nasal	pig										
SRR14261948	2021	Patel		nasal	pig	0 to 6 weeks									
SRR14261949	2021	Patel		nasal	pig	0 to 6 weeks									
SRR14261950	2021	Patel		nasal	pig	0 to 6 weeks									
SRR14261951	2021	Patel		nasal	pig	0 to 6 weeks									
SRR14261952	2021	Patel		nasal	pig	0 to 6 weeks									
SRR14261953	2021	Patel		nasal	pig	0 to 6 weeks									
SRR14261954	2021	Patel		nasal	pig	0 to 6 weeks									
SRR14261955	2021	Patel		nasal	pig	0 to 6 weeks									
SRR14261956	2021	Patel		nasal	pig	0 to 6 weeks									
SRR14261957	2021	Patel		nasal	pig	0 to 6 weeks									
SRR14261958	2021	Patel		nasal	pig	0 to 6 weeks									
SRR14261959	2021	Patel		nasal	pig	0 to 6 weeks									
SRR14261960	2021	Patel		nasal	pig	0 to 6 weeks									
SRR14261961	2021	Patel		nasal	pig	0 to 6 weeks									
SRR14261962	2021	Patel		nasal	pig	0 to 6 weeks									
SRR14261963	2021	Patel		nasal	pig	0 to 6 weeks									
SRR14261964	2021	Patel		nasal	pig	0 to 6 weeks									
SRR14261965	2021	Patel		nasal	pig	0 to 6 weeks									
SRR14261966	2021	Patel		nasal	pig	0 to 6 weeks									
SRR14261967	2021	Patel		nasal	pig	0 to 6 weeks									
SRR14261968	2021	Patel		nasal	pig	0 to 6 weeks									
SRR14261969	2021	Patel		nasal	pig	0 to 6 weeks									
SRR14261970	2021	Patel		nasal	pig	0 to 6 weeks									
SRR14261971	2021	Patel		nasal	pig	0 to 6 weeks									
SRR14261972	2021	Patel		nasal	pig	0 to 6 weeks									
SRR14261973	2021	Patel		nasal	pig	0 to 6 weeks									
SRR14261974	2021	Patel		nasal	pig	0 to 6 weeks									
SRR14261975	2021	Patel		nasal	pig	0 to 6 weeks									
SRR14261976	2021	Patel		nasal	pig	0 to 6 weeks									
SRR14261977	2021	Patel		nasal	pig	0 to 6 weeks									
SRR14261978	2021	Patel		nasal	pig	0 to 6 weeks									
SRR14261979	2021	Patel		nasal	pig	0 to 6 weeks									
SRR14261980	2021	Patel		nasal	pig	0 to 6 weeks									
SRR14261981	2021	Patel		nasal	pig	0 to 6 weeks									
SRR14261982	2021	Patel		nasal	pig	0 to 6 weeks									
SRR14261983	2021	Patel		nasal	pig	0 to 6 weeks									
SRR14261984	2021	Patel		nasal	pig	0 to 6 weeks									
SRR14261985	2021	Patel		nasal	pig	0 to 6 weeks									
SRR14261986	2021	Patel		nasal	pig	0 to 6 weeks									
SRR14261987	2021	Patel		nasal	pig	0 to 6 weeks									
SRR14261988	2021	Patel		nasal	pig	0 to 6 weeks									
SRR14261989	2021	Patel		nasal	pig	0 to 6 weeks									
SRR14261990	2021	Patel		nasal	pig	0 to 6 weeks									
SRR14261991	2021	Patel		nasal	pig	0 to 6 weeks									
SRR14261992	2021	Patel		nasal	pig	0 to 6 weeks									
SRR14261993	2021	Patel		nasal	pig	0 to 6 weeks									
SRR14261994	2021	Patel		nasal	pig	0 to 6 weeks									
SRR14261995	2021	Patel		nasal	pig	0 to 6 weeks									
SRR14261996	2021	Patel		nasal	pig	0 to 6 weeks									
SRR14261997	2021	Patel		nasal	pig	0 to 6 weeks									
SRR14261998	2021	Patel		nasal	pig	0 to 6 weeks									
SRR14261999	2021	Patel		nasal	pig	0 to 6 weeks									
SRR14262000	2021	Patel		nasal	pig	0 to 6 weeks									
SRR14262001	2021	Patel		nasal	pig	0 to 6 weeks									
SRR14262002	2021	Patel		nasal	pig	0 to 6 weeks									
SRR14262003	2021	Patel		nasal	pig	0 to 6 weeks									
SRR14262004	2021	Patel		nasal	pig	0 to 6 weeks									
SRR14262005	2021	Patel		nasal	pig	0 to 6 weeks									
SRR14262006	2021	Patel		nasal	pig	0 to 6 weeks									
SRR14262007	2021	Patel		nasal	pig	0 to 6 weeks									
SRR14262008	2021	Patel		nasal	pig	0 to 6 weeks									
SRR14262009	2021	Patel		nasal	pig	0 to 6 weeks									
SRR14262010	2021	Patel		nasal	pig	0 to 6 weeks									
SRR14262011	2021	Patel		nasal	pig	0 to 6 weeks									
SRR14262012	2021	Patel		nasal	pig	0 to 6 weeks									
SRR14262013	2021	Patel		nasal	pig	0 to 6 weeks									
SRR14262014	2021	Patel		nasal	pig	0 to 6 weeks									
SRR14262015	2021	Patel		nasal	pig	0 to 6 weeks									
SRR14262016	2021	Patel		nasal	pig	0 to 6 weeks									
SRR14262017	2021	Patel		nasal	pig	0 to 6 weeks									
SRR14262018	2021	Patel		nasal	pig	0 to 6 weeks									
SRR14262019	2021	Patel		nasal	pig	0 to 6 weeks									
SRR14262020	2021	Patel		nasal	pig	0 to 6 weeks									
SRR14262021	2021	Patel		nasal	pig	0 to 6 weeks									
SRR14262022	2021	Patel		nasal	pig	0 to 6 weeks									
SRR14262023	2021	Patel		nasal	pig	0 to 6 weeks									
SRR14262024	2021	Patel		nasal	pig	0 to 6 weeks									
SRR14262025	2021	Patel		nasal	pig	0 to 6 weeks									
SRR14262026	2021	Patel		nasal	pig	0 to 6 weeks									
SRR14262027	2021	Patel		nasal	pig	0 to 6 weeks									
SRR14262028	2021	Patel		nasal	pig	0 to 6 weeks									
SRR14262029	2021	Patel		nasal	pig	0 to 6 weeks									
SRR14262030	2021	Patel		nasal	pig	0 to 6 weeks									
SRR14262031	2021	Patel		nasal	pig	0 to 6 weeks									
SRR14262032	2021	Patel		nasal	pig	0 to 6 weeks									
SRR14262033	2021	Patel		nasal	pig	0 to 6 weeks									
SRR14262034	2021	Patel		nasal	pig	0 to 6 weeks									
SRR14262035	2021	Patel		nasal	pig	0 to 6 weeks									
SRR14262036	2021	Patel		nasal	pig	0 to 6 weeks									
SRR14262037	2021	Patel		nasal	pig	0 to 6 weeks									
SRR14262038	2021	Patel		nasal	pig	0 to 6 weeks									
SRR14262039	2021	Patel		nasal	pig	0 to 6 weeks									
SRR14262040	2021	Patel		nasal	pig	0 to 6 weeks									
SRR14262041	2021	Patel		nasal	pig	0 to 6 weeks									
SRR14262042	2021	Patel		nasal	pig	0 to 6 weeks									
SRR14262043	2021	Patel		nasal	pig	0 to 6 weeks									
SRR15657792	2021	Chrun		nasal	pig	11-12 weeks									
SRR15657794	2021	Chrun		nasal	pig	11-12 weeks									
SRR15657800	2021	Chrun		nasal	pig	11-12 weeks									
SRR15657801	2021	Chrun		nasal	pig	11-12 weeks									
SRR15657803	2021	Chrun		nasal	pig	11-12 weeks									
SRR15657808	2021	Chrun		nasal	pig	11-12 weeks									
SRR15657809	2021	Chrun		nasal	pig	11-12 weeks									
SRR15657814	2021	Chrun		nasal	pig	11-12 weeks									
SRR15657825	2021	Chrun		nasal	pig	11-12 weeks									
SRR15657823	2021	Chrun		nasal	pig	11-12 weeks									
SRR15657824	2021	Chrun		nasal	pig	11-12 weeks									
SRR15657816	2021	Chrun		nasal	pig	11-12 weeks									
SRR15657817	2021	Chrun		nasal	pig	11-12 weeks									
SRR15657831	2021	Chrun		nasal	pig	11-12 weeks									
SRR15657832	2021	Chrun		nasal	pig	11-12 weeks									
SRR15657839	2021	Chrun		nasal	pig	11-12 weeks									
SRR15657840	2021	Chrun		nasal	pig	11-12 weeks									
SRR15657846	2021	Chrun		nasal	pig	11-12 weeks									
SRR15657847	2021	Chrun		nasal	pig	11-12 weeks									
SRR15657848	2021	Chrun		nasal	pig	11-12 weeks									
SRR15657854	2021	Chrun		nasal	pig	11-12 weeks									
SRR15657855	2021	Chrun		nasal	pig	11-12 weeks									
SRR15657856	2021	Chrun		nasal	pig	11-12 weeks									
SRR15657871	2021	Chrun		nasal	pig	11-12 weeks									
SRR15657857	2021	Chrun		nasal	pig	11-12 weeks									
SRR15657858	2021	Chrun		nasal	pig	11-12 weeks									
SRR15657859	2021	Chrun		nasal	pig	11-12 weeks									
SRR15657860	2021	Chrun		nasal	pig	11-12 weeks									
SRR15657861	2021	Chrun		nasal	pig	11-12 weeks									
SRR15657862	2021	Chrun		nasal	pig	11-12 weeks									
SRR15657863	2021	Chrun		nasal	pig	11-12 weeks									
SRR15657864	2021	Chrun		nasal	pig	11-12 weeks									
SRR15657865	2021	Chrun		nasal	pig	11-12 weeks									
SRR15657866	2021	Chrun		nasal	pig	11-12 weeks									
SRR15657867	2021	Chrun		nasal	pig	11-12 weeks									
SRR15657868	2021	Chrun		nasal	pig	11-12 weeks									
SRR15657869	2021	Chrun		nasal	pig	11-12 weeks									
SRR15657870	2021	Chrun		nasal	pig	11-12 weeks									
SRR15657872	2021	Chrun		nasal	pig	11-12 weeks									
SRR15657873	2021	Chrun		nasal	pig	11-12 weeks									
SRR15657874	2021	Chrun		nasal	pig	11-12 weeks									
SRR15657875	2021	Chrun		nasal	pig	11-12 weeks									
SRR15657876	2021	Chrun		nasal	pig	11-12 weeks									
SRR15657877	2021	Chrun		nasal	pig	11-12 weeks									
SRR15657878	2021	Chrun		nasal	pig	11-12 weeks									
SRR15657879	2021	Chrun		nasal	pig	11-12 weeks									
SRR15657880	2021	Chrun		nasal	pig	11-12 weeks									
SRR15657881	2021	Chrun		nasal	pig	11-12 weeks									
SRR15657882	2021	Chrun		nasal	pig	11-12 weeks									
SRR15657883	2021	Chrun		nasal	pig	11-12 weeks									
SRR15657889	2021	Chrun		nasal	pig	11-12 weeks									
SRR15657890	2021	Chrun		nasal	pig	11-12 weeks									
SRR15657892	2021	Chrun		nasal	pig	11-12 weeks									
SRR15657897	2021	Chrun		nasal	pig	11-12 weeks									
SRR15657898	2021	Chrun		nasal	pig	11-12 weeks									
SRR15657903	2021	Chrun		nasal	pig	11-12 weeks									
SRR15657905	2021	Chrun		nasal	pig	11-12 weeks									
SRR15657906	2021	Chrun		nasal	pig	11-12 weeks									
SRR15657912	2021	Chrun		nasal	pig	11-12 weeks									
SRR15657913	2021	Chrun		nasal	pig	11-12 weeks									
SRR15657914	2021	Chrun		nasal	pig	11-12 weeks									
SRR15657920	2021	Chrun		nasal	pig	11-12 weeks									
SRR15657921	2021	Chrun		nasal	pig	11-12 weeks									
SRR15657925	2021	Chrun		nasal	pig	11-12 weeks									
SRR15657930	2021	Chrun		nasal	pig	11-12 weeks									
SRR15657931	2021	Chrun		nasal	pig	11-12 weeks									
SRR15657932	2021	Chrun		nasal	pig	11-12 weeks									
SRR15657938	2021	Chrun		nasal	pig	11-12 weeks									
SRR15657939	2021	Chrun		nasal	pig	11-12 weeks									
SRR15657940	2021	Chrun		nasal	pig	11-12 weeks									
SRR15657946	2021	Chrun		nasal	pig	11-12 weeks									
SRR15657947	2021	Chrun		nasal	pig	11-12 weeks									
SRR15657950	2021	Chrun		nasal	pig	11-12 weeks									
SRR15657954	2021	Chrun		nasal	pig	11-12 weeks									
SRR15657955	2021	Chrun		nasal	pig	11-12 weeks									
SRR8775607		Bordetella		nasal	pig										
SRR8775602		Bordetella		nasal	pig										
SRR8775606		Bordetella		nasal	pig										
SRR8775603		Bordetella		nasal	pig										
SRR8775623		Bordetella		nasal	pig										
SRR8775624		Bordetella		nasal	pig										
SRR8775626		Bordetella		nasal	pig										
SRR8775625		Bordetella		nasal	pig										
SRR8775619		Bordetella		nasal	pig										
SRR8775620		Bordetella		nasal	pig										
SRR8775621		Bordetella		nasal	pig										
SRR8775632		Bordetella		nasal	pig										
SRR8775622		Bordetella		nasal	pig										
SRR8775631		Bordetella		nasal	pig										
SRR8775653		Bordetella		nasal	pig										
SRR8775652		Bordetella		nasal	pig										
SRR8775650		Bordetella		nasal	pig										
SRR8775651		Bordetella		nasal	pig										
SRR8775657		Bordetella		nasal	pig										
SRR8775656		Bordetella		nasal	pig										
SRR8775655		Bordetella		nasal	pig										
SRR8775659		Bordetella		nasal	pig										
SRR8775654		Bordetella		nasal	pig										
SRR8775660		Bordetella		nasal	pig										
SRR8775686		Bordetella		nasal	pig										
SRR8775687		Bordetella		nasal	pig										
SRR8775685		Bordetella		nasal	pig										
SRR8775684		Bordetella		nasal	pig										
SRR8775682		Bordetella		nasal	pig										
SRR8775683		Bordetella		nasal	pig										
SRR8775680		Bordetella		nasal	pig										
SRR8775679		Bordetella		nasal	pig										
SRR8775681		Bordetella		nasal	pig										
SRR8775678		Bordetella		nasal	pig										
SRR8775707		Bordetella		nasal	pig										
SRR8775706		Bordetella		nasal	pig										
SRR8775708		Bordetella		nasal	pig										
SRR8775709		Bordetella		nasal	pig										
SRR8775703		Bordetella		nasal	pig										
SRR8775702		Bordetella		nasal	pig										
SRR8775705		Bordetella		nasal	pig										
SRR8775700		Bordetella		nasal	pig										
SRR8775704		Bordetella		nasal	pig										
SRR8775701		Bordetella		nasal	pig										
SRR8775724		Bordetella		nasal	pig										
SRR8775725		Bordetella		nasal	pig										
SRR8775727		Bordetella		nasal	pig										
SRR8775726		Bordetella		nasal	pig										
SRR8775728		Bordetella		nasal	pig										
SRR8775729		Bordetella		nasal	pig										
SRR8775730		Bordetella		nasal	pig										
SRR8775721		Bordetella		nasal	pig										
SRR8775731	 	Bordetella		nasal	pig										
SRR8775720		Bordetella		nasal	pig										
SRR8775557		Bordetella		nasal	pig										
SRR8775556		Bordetella		nasal	pig										
SRR8775746		Bordetella		nasal	pig										
SRR8775555		Bordetella		nasal	pig										
SRR8775745		Bordetella		nasal	pig										
SRR8775744		Bordetella		nasal	pig										
SRR8775743		Bordetella		nasal	pig										
SRR8775558		Bordetella		nasal	pig										
SRR8775742		Bordetella		nasal	pig										
SRR8775559		Bordetella		nasal	pig										
SRR8775574		Bordetella		nasal	pig										
SRR8775575		Bordetella		nasal	pig										
SRR8775573		Bordetella		nasal	pig										
SRR8775572		Bordetella		nasal	pig										
SRR8775578		Bordetella		nasal	pig										
SRR8775579		Bordetella		nasal	pig										
SRR8775576		Bordetella		nasal	pig										
SRR8775581		Bordetella		nasal	pig										
SRR8775577		Bordetella		nasal	pig										
SRR8775580		Bordetella		nasal	pig										
SRR8775593		Bordetella		nasal	pig										
SRR8775592		Bordetella		nasal	pig										
SRR8775594		Bordetella		nasal	pig										
SRR8775597		Bordetella		nasal	pig										
SRR8775595		Bordetella		nasal	pig										
SRR8775596		Bordetella		nasal	pig										
SRR8775599		Bordetella		nasal	pig										
SRR8775600		Bordetella		nasal	pig										
SRR8775598		Bordetella		nasal	pig										
SRR8775601		Bordetella		nasal	pig										
SRR8775642		Bordetella		nasal	pig										
SRR8775641		Bordetella		nasal	pig										
SRR8775644		Bordetella		nasal	pig										
SRR8775643		Bordetella		nasal	pig										
SRR8775637		Bordetella		nasal	pig										
SRR8775638		Bordetella		nasal	pig										
SRR8775639		Bordetella		nasal	pig										
SRR8775636		Bordetella		nasal	pig										
SRR8775640		Bordetella		nasal	pig										
SRR8775635		Bordetella		nasal	pig										
SRR8775665		Bordetella		nasal	pig										
SRR8775664		Bordetella		nasal	pig										
SRR8775662		Bordetella		nasal	pig										
SRR8775663		Bordetella		nasal	pig										
SRR8775667		Bordetella		nasal	pig										
SRR8775666		Bordetella		nasal	pig										
1-D22	2022	A		nasal	pig	22	22				CONTROL				
1-D27	2022	A		nasal	pig	27	27				CONTROL				
1-D43	2022	A		nasal	pig	43	43				CONTROL				
10-D22	2022	B		nasal	pig	22	22				CONTROL				
10-D27	2022	B		nasal	pig	27	27				CONTROL				
10-D43	2022	B		nasal	pig	43	43				CONTROL				
11-D22	2022	B		nasal	pig	22	22				ANT				
11-D27	2022	B		nasal	pig	27	27				ANT				
11-D43	2022	B		nasal	pig	43	43				ANT				
12-D22	2022	A		nasal	pig	22	22				CONTROL				
12-D27	2022	B		nasal	pig	27	27				CONTROL				
12-D43	2022	A		nasal	pig	43	43				CONTROL				
13-D22	2022	B		nasal	pig	22	22				ANT				
13-D27	2022	B		nasal	pig	27	27				ANT				
13-D43	2022	B		nasal	pig	43	43				ANT				
14-D22	2022	B		nasal	pig	22	22				COL				
14-D27	2022	B		nasal	pig	27	27				COL				
14-D43	2022	B		nasal	pig	43	43				COL				
15-D22	2022	B		nasal	pig	22	22				COL				
15-D27	2022	A		nasal	pig	27	27				COL				
15-D43	2022	B		nasal	pig	43	43				COL				
16-D22	2022	B		nasal	pig	22	22				COLANT				
16-D27	2022	B		nasal	pig	27	27				COLANT				
16-D43	2022	B		nasal	pig	43	43				COLANT				
17-D22	2022	B		nasal	pig	22	22				COLANT				
17-D27	2022	B		nasal	pig	27	27				COLANT				
17-D43	2022	B		nasal	pig	43	43				COLANT				
19-D22	2022	B		nasal	pig	22	22				CONTROL				
19-D27	2022	A		nasal	pig	27	27				CONTROL				
19-D43	2022	B		nasal	pig	43	43				CONTROL				
2-D22	2022	A		nasal	pig	22	22				ANT				
2-D22-B	2022	B		nasal	pig	22	22				ANT				
2-D27	2022	A		nasal	pig	27	27				ANT				
2-D43	2022	A		nasal	pig	43	43				ANT				
20-D22	2022	A		nasal	pig	22	22				ANT				
20-D27	2022	B		nasal	pig	27	27				ANT				
20-D43	2022	A		nasal	pig	43	43				ANT				
21-D22	2022	B		nasal	pig	22	22				ANT				
21-D27	2022	A		nasal	pig	27	27				ANT				
21-D43	2022	A		nasal	pig	43	43				ANT				
22-D22	2022	A		nasal	pig	22	22				COL				
22-D27	2022	B		nasal	pig	27	27				COL				
22-D43	2022	B		nasal	pig	43	43				COL				
23-D22	2022	B		nasal	pig	22	22				COL				
23-D27	2022	A		nasal	pig	27	27				COL				
23-D43	2022	B		nasal	pig	43	43				COL				
24-D22	2022	A		nasal	pig	22	22				COLANT				
24-D27	2022	A		nasal	pig	27	27				COLANT				
24-D43	2022	B		nasal	pig	43	43				COLANT				
27-D22	2022	B		nasal	pig	22	22				COLANT				
27-D27	2022	A		nasal	pig	27	27				COLANT				
27-D43	2022	A		nasal	pig	43	43				COLANT				
28-D22	2022	A		nasal	pig	22	22				CONTROL				
28-D27	2022	B		nasal	pig	27	27				CONTROL				
28-D43	2022	A		nasal	pig	43	43				CONTROL				
29-D22	2022	B		nasal	pig	22	22				ANT				
29-D27	2022	B		nasal	pig	27	27				ANT				
29-D43	2022	B		nasal	pig	43	43				ANT				
3-D22	2022	A		nasal	pig	22	22				COL				
3-D27	2022	A		nasal	pig	27	27				COL				
3-D43	2022	A		nasal	pig	43	43				COL				
30-D22	2022	B		nasal	pig	22	22				COL				
30-D27	2022	A		nasal	pig	27	27				COL				
30-D43	2022	B		nasal	pig	43	43				COL				
31-D22	2022	A		nasal	pig	22	22				COLANT				
31-D27	2022	B		nasal	pig	27	27				COLANT				
31-D43	2022	A		nasal	pig	43	43				COLANT				
32-D27	2022	B		nasal	pig	27	27				ANT				
32-D43	2022	A		nasal	pig	43	43				ANT				
33-D22	2022	B		nasal	pig	22	22				COLANT				
33-D27	2022	B		nasal	pig	27	27				COLANT				
33-D43	2022	B		nasal	pig	43	43				COLANT				
35-D24	2022	A		nasal	pig	24	24				COL				
35-D27	2022	A		nasal	pig	27	27				COL				
35-D35	2022	A		nasal	pig	35	35				COL				
36-D24	2022	A		nasal	pig	24	24				COL				
36-D27	2022	A		nasal	pig	27	27				COL				
36-D35	2022	A		nasal	pig	35	35				COL				
37-D24	2022	A		nasal	pig	24	24				CONTROL				
37-D27	2022	A		nasal	pig	27	27				CONTROL				
37-D35	2022	A		nasal	pig	35	35				CONTROL				
38-D24	2022	A		nasal	pig	24	24				CONTROL				
38-D27	2022	A		nasal	pig	27	27				CONTROL				
38-D35	2022	A		nasal	pig	35	35				CONTROL				
39-D24	2022	A		nasal	pig	24	24				CONTROL				
39-D27	2022	A		nasal	pig	27	27				CONTROL				
39-D35	2022	A		nasal	pig	35	35				CONTROL				
4-D22	2022	A		nasal	pig	22	22				CONTROL				
4-D27	2022	A		nasal	pig	27	27				CONTROL				
4-D43	2022	A		nasal	pig	43	43				CONTROL				
40-D24	2022	B		nasal	pig	24	24				COL				
40-D27	2022	B		nasal	pig	27	27				COL				
40-D35	2022	B		nasal	pig	35	35				COL				
41-D24	2022	B		nasal	pig	24	24				COL				
41-D27	2022	B		nasal	pig	27	27				COL				
41-D35	2022	B		nasal	pig	35	35				COL				
42-D24	2022	B		nasal	pig	24	24				CONTROL				
42-D27	2022	B		nasal	pig	27	27				CONTROL				
42-D35	2022	B		nasal	pig	35	35				CONTROL				
43-D24	2022	B		nasal	pig	24	24				CONTROL				
43-D27	2022	B		nasal	pig	27	27				CONTROL				
43-D35	2022	B		nasal	pig	35	35				CONTROL				
44-D24	2022	A		nasal	pig	24	24				COL				
44-D27	2022	A		nasal	pig	27	27				COL				
44-D35	2022	A		nasal	pig	35	35				COL				
45-D24	2022	B		nasal	pig	24	24				CONTROL				
45-D27	2022	B		nasal	pig	27	27				CONTROL				
45-D35	2022	B		nasal	pig	35	35				CONTROL				
47-D24	2022	A		nasal	pig	24	24				CONTROL				
47-D27	2022	A		nasal	pig	27	27				CONTROL				
47-D35	2022	A		nasal	pig	35	35				CONTROL				
48-D24	2022	B		nasal	pig	24	24				CONTROL				
48-D27	2022	A		nasal	pig	27	27				CONTROL				
48-D35	2022	A		nasal	pig	35	35				CONTROL				
5-D22	2022	A		nasal	pig	22	22				COLANT				
5-D27	2022	A		nasal	pig	27	27				COLANT				
5-D43	2022	A		nasal	pig	43	43				COLANT				
50-D24	2022	B		nasal	pig	24	24				CONTROL				
50-D27	2022	A		nasal	pig	27	27				CONTROL				
50-D35	2022	B		nasal	pig	35	35				CONTROL				
51-D24	2022	A		nasal	pig	24	24				CONTROL				
51-D27	2022	A		nasal	pig	27	27				CONTROL				
51-D35	2022	B		nasal	pig	35	35				CONTROL				
52-D24	2022	A		nasal	pig	24	24				COL				
52-D27	2022	B		nasal	pig	27	27				COL				
52-D35	2022	B		nasal	pig	35	35				COL				
53-D24	2022	A		nasal	pig	24	24				COL				
53-D27	2022	B		nasal	pig	27	27				COL				
53-D35	2022	B		nasal	pig	35	35				COL				
54-D24	2022	B		nasal	pig	24	24				CONTROL				
54-D27	2022	B		nasal	pig	27	27				CONTROL				
54-D35	2022	B		nasal	pig	35	35				CONTROL				
55-D24	2022	B		nasal	pig	24	24				COL				
55-D27	2022	B		nasal	pig	27	27				COL				
55-D35	2022	A		nasal	pig	35	35				COL				
6-D22	2022	A		nasal	pig	22	22				ANT				
6-D27	2022	A		nasal	pig	27	27				ANT				
6-D43	2022	A		nasal	pig	43	43				ANT				
7-D22	2022	B		nasal	pig	22	22				CONTROL				
7-D27	2022	B		nasal	pig	27	27				CONTROL				
7-D43	2022	B		nasal	pig	43	43				CONTROL				
8-D22	2022	A		nasal	pig	22	22				COL				
8-D27	2022	A		nasal	pig	27	27				COL				
8-D43	2022	A		nasal	pig	43	43				COL				
9-D22	2022	A		nasal	pig	22	22				COLANT				
9-D27	2022	A		nasal	pig	27	27				COLANT				
9-D43	2022	A		nasal	pig	43	43				COLANT				
