Sample	Mycoplasma	Health_status	State	Farm
1-D22	0	Healthy	Healthy	IRTA
10-D22	0	Healthy	Healthy	IRTA
11-D22	0	Healthy	Healthy	IRTA
111L	0	Healthy	Healthy	farm-ASN
112L	0	Healthy	Healthy	farm-ASN
114L	0	Healthy	Healthy	farm-ASN
12-D22	0	Healthy	Healthy	IRTA
13-D22	0	Healthy	Healthy	IRTA
19-D22	0.0074470864907238	Healthy	Healthy	IRTA
2-D22	0	Healthy	Healthy	IRTA
2-D22-B	0	Healthy	Healthy	IRTA
20-D22	0	Healthy	Healthy	IRTA
204	0	Healthy	Healthy	farm-ASN
21-D22	0.00354938271604938	Healthy	Healthy	IRTA
28-D22	0	Healthy	Healthy	IRTA
29-D22	0	Healthy	Healthy	IRTA
369	0	Healthy	Healthy	farm-ASN
37-D24	0.000190323931331126	Healthy	Healthy	IRTA
38-D24	0	Healthy	Healthy	IRTA
39-D24	0.000368663594470046	Healthy	Healthy	IRTA
4-D22	0.00448785638859556	Healthy	Healthy	IRTA
400	0	Healthy	Healthy	farm-ASN
405	0.166666666666667	Healthy	Healthy	farm-ASN
42-D24	0	Healthy	Healthy	IRTA
43-D24	0	Healthy	Healthy	IRTA
443N-DNA	4.23549343498518E-05	Healthy	Healthy	farmG3
448N-DNA	0.00105671362063981	Healthy	Healthy	farmG3
45-D24	0	Healthy	Healthy	IRTA
452N-DNA	0.0776055025274344	Healthy	Healthy	farmG3
455	0	Healthy	Healthy	farm-ASN
456	0	Healthy	Healthy	farm-ASN
456N-DNA	0.0736444162008637	Healthy	Healthy	farmG3
460N-DNA	0.00119071919439341	Healthy	Healthy	farmG3
464N-DNA	0.000186574415983208	Healthy	Healthy	farmG3
47-D24	0	Healthy	Healthy	IRTA
48-D24	0.000712619849701995	Healthy	Healthy	IRTA
480N-DNA	0.00031275248247283	Healthy	Healthy	farmG3
484N-DNA	0.000239299165574214	Healthy	Healthy	farmG3
50-D24	0	Healthy	Healthy	IRTA
51-D24	0	Healthy	Healthy	IRTA
54-D24	0.000374422764904106	Healthy	Healthy	IRTA
556	0	Healthy	Healthy	farm-ASN
557	0	Healthy	Healthy	farm-ASN
570	0.230769230769231	Healthy	Healthy	farm-ASN
571	0.3	Healthy	Healthy	farm-ASN
577N-DNA	0	Healthy	Healthy	farmFD2
578N-DNA	0	Healthy	Healthy	farmFD2
579N-DNA	4.09431248816488E-05	Healthy	Healthy	farmFD2
580N-DNA	6.06801376572266E-05	Healthy	Healthy	farmFD2
581N-DNA	0.000171919770773639	Healthy	Healthy	farmFD2
583N-DNA	1.3485540129596E-05	Healthy	Healthy	farmFD2
584N-DNA	0	Healthy	Healthy	farmFD2
585N-DNA	0	Healthy	Healthy	farmFD2
6-D22	0	Healthy	Healthy	IRTA
639	0.16	Healthy	Healthy	farm-ASN
642	0	Healthy	Healthy	farm-ASN
652	0	Healthy	Healthy	farm-ASN
654	0	Healthy	Healthy	farm-ASN
667	0	Healthy	Healthy	farm-ASN
669	0	Healthy	Healthy	farm-ASN
682N-DNA	0	Healthy	Healthy	farmFD1
683N-DNA	0	Healthy	Healthy	farmFD1
684N-DNA	0	Healthy	Healthy	farmFD1
687N-DNA	0	Healthy	Healthy	farmFD1
689N-DNA	0	Healthy	Healthy	farmFD1
690N-DNA	4.94820874843307E-05	Healthy	Healthy	farmFD1
691N-DNA	4.57957002925836E-05	Healthy	Healthy	farmFD1
694N-DNA	0	Healthy	Healthy	farmFD1
7-D22	0.00411433521004764	Healthy	Healthy	IRTA
C10-D15	0	Healthy	Healthy	P3
C12-D15	0	Healthy	Healthy	P3
C13-D15	0	Healthy	Healthy	P3
C14-D15	0	Healthy	Healthy	P3
C8-D15	0	Healthy	Healthy	P3
C9-D15	0	Healthy	Healthy	P3
D1-D15	0	Healthy	Healthy	P3
D2-D15	0	Healthy	Healthy	P3
D5-D15	0	Healthy	Healthy	P3
D6-D15	0	Healthy	Healthy	P3
DNA1-NS-Deep	0.00231449011081498	Healthy	Healthy	cresa
DNA1-NS-External	0	Healthy	Healthy	cresa
DNA1-NS-Middle	0.00225886604924328	Healthy	Healthy	cresa
DNA1-NS-Standard	0	Healthy	Healthy	cresa
DNA2-NS-Deep	0	Healthy	Healthy	cresa
DNA2-NS-External	0	Healthy	Healthy	cresa
DNA2-NS-Middle	0	Healthy	Healthy	cresa
DNA2-NS-Standard	0	Healthy	Healthy	cresa
DNA3-NS-Deep	0	Healthy	Healthy	cresa
DNA3-NS-External	0	Healthy	Healthy	cresa
DNA3-NS-Middle	0.00170729393910652	Healthy	Healthy	cresa
DNA3-NS-Standard	0	Healthy	Healthy	cresa
DNA4-NS-Deep	0	Healthy	Healthy	cresa
DNA4-NS-External	0	Healthy	Healthy	cresa
DNA4-NS-Middle	0	Healthy	Healthy	cresa
DNA4-NS-Standard	0.000336828868479554	Healthy	Healthy	cresa
DNA5-NS-Deep	0	Healthy	Healthy	cresa
DNA5-NS-External	0.000213934250873565	Healthy	Healthy	cresa
DNA5-NS-Middle	0	Healthy	Healthy	cresa
DNA5-NS-Standard	0.00058925940806214	Healthy	Healthy	cresa
GM1	0.00422515350792857	Healthy	Healthy	GM
GM10	0.000707541010074149	Healthy	Healthy	GM
GM2	0.000125387204235808	Healthy	Healthy	GM
GM3	0.0972056958938847	Healthy	Healthy	GM
GM4	0.0684082635944009	Healthy	Healthy	GM
GM5	0.000225569563146946	Healthy	Healthy	GM
GM6	0.00143162242718674	Healthy	Healthy	GM
GM7	0.00223428355183693	Healthy	Healthy	GM
GM8	0.00403758261324261	Healthy	Healthy	GM
GM9	0.0020386104949047	Healthy	Healthy	GM
GW-10	0.00291442480143479	Healthy	Healthy	GW
GW-3	0.00356728877067814	Healthy	Healthy	GW
GW-4	0.00221878989876771	Healthy	Healthy	GW
GW-5	0.0011935270845829	Healthy	Healthy	GW
GW-6	0.000565592683287379	Healthy	Healthy	GW
GW-7	0.00559405157411802	Healthy	Healthy	GW
GW-8	0.00497395577083618	Healthy	Healthy	GW
GW-9	0.00263479592200055	Healthy	Healthy	GW
KD1	0	Healthy	Healthy	KD
KD3	0.000164177050462714	Healthy	Healthy	KD
KD5	0.000463793336972538	Healthy	Healthy	KD
KD7	0.000245677609556859	Healthy	Healthy	KD
KD9	0.000498675222691367	Healthy	Healthy	KD
LG1	0	Healthy	Healthy	LG
LG3	0	Healthy	Healthy	LG
LG5	0	Healthy	Healthy	LG
LG7	0	Healthy	Healthy	LG
LG9	0	Healthy	Healthy	LG
MC1701	0	Healthy	Healthy	MC
MC1702	0	Healthy	Healthy	MC
MC1703	0	Healthy	Healthy	MC
MC1704	0	Healthy	Healthy	MC
MC1705	0	Healthy	Healthy	MC
MC4594	0	Healthy	Healthy	MC
MC4600	0	Healthy	Healthy	MC
MC6099	0	Healthy	Healthy	MC
MC6100	0	Healthy	Healthy	MC
MC6197	0	Healthy	Healthy	MC
MG-1	0	Healthy	Healthy	MT
MG-10	3.9860859028086E-05	Healthy	Healthy	MT
MG-13	0	Healthy	Healthy	MT
MG-14	0	Healthy	Healthy	MT
MG-15	0	Healthy	Healthy	MT
MG-16	0	Healthy	Healthy	MT
MG-2	0.011811801149892	Healthy	Healthy	MT
MG-20	0	Healthy	Healthy	MT
MG-5	0	Healthy	Healthy	MT
MG-6	0	Healthy	Healthy	MT
MG-9	5.94197239529396E-05	Healthy	Healthy	MT
MGT-19	0	Healthy	Healthy	MT
MT1	0	Healthy	Healthy	MT
MT2	0	Healthy	Healthy	MT
MT3	0	Healthy	Healthy	MT
MT5	0	Healthy	Healthy	MT
MT6	0	Healthy	Healthy	MT
MT7	0	Healthy	Healthy	MT
MT8	0	Healthy	Healthy	MT
MT9	0	Healthy	Healthy	MT
PRAT11	0.000184101909314963	Healthy	Healthy	PT
PRAT6	4.65484336452078E-05	Healthy	Healthy	PT
PRAT7	0.000377116566730776	Healthy	Healthy	PT
PRAT8	0	Healthy	Healthy	PT
PRAT9	0.000344024984814522	Healthy	Healthy	PT
VL1	0	Healthy	Healthy	VL
VL3	0	Healthy	Healthy	VL
VL5	0	Healthy	Healthy	VL
VL7	0.000147480031979881	Healthy	Healthy	VL
VL9	5.47555166182993E-05	Healthy	Healthy	VL
100	0	PRRSV	Disease	PRRSV
101	0	PRRSV	Disease	PRRSV
103	0	PRRSV	Disease	PRRSV
104	0	PRRSV	Disease	PRRSV
105	0	PRRSV	Disease	PRRSV
106	0	PRRSV	Disease	PRRSV
107	0	PRRSV	Disease	PRRSV
108	0	PRRSV	Disease	PRRSV
110	0	PRRSV	Disease	PRRSV
111	0	PRRSV	Disease	PRRSV
112	0	PRRSV	Disease	PRRSV
112-D21	0.00698739501611944	Disease	Disease	BARO
113	0	PRRSV	Disease	PRRSV
115	0	PRRSV	Disease	PRRSV
116	9.34841544358231E-05	PRRSV	Disease	PRRSV
117	0	PRRSV	Disease	PRRSV
123-D21	0	Disease	Disease	BARO
129-D21	0.104479683007115	Disease	Disease	BARO
2714-D21	0	Disease	Disease	BARO
334-D21	0.0375822272768394	Disease	Disease	BARO
351-D21	0.000144308473793581	Disease	Disease	BARO
358-D21	0	Disease	Disease	BARO
41	0	PRRSV	Disease	PRRSV
42	0	PRRSV	Disease	PRRSV
508-D21	0.12940210194606	Disease	Disease	BARO
516-D21	0.0106756566933558	Disease	Disease	BARO
554-D21	0	Disease	Disease	BARO
6-D21	0.00130345204557877	Disease	Disease	BARO
61	0	PRRSV	Disease	PRRSV
629-D21	0.324105216884591	Disease	Disease	BARO
63	0	PRRSV	Disease	PRRSV
71	0.00167632634864021	PRRSV	Disease	PRRSV
72	0.00789741137083757	PRRSV	Disease	PRRSV
73	0	PRRSV	Disease	PRRSV
75-D21	0.8	Disease	Disease	BARO
76	0	PRRSV	Disease	PRRSV
81	0.20490193069155	PRRSV	Disease	PRRSV
82	0.000781148287983335	PRRSV	Disease	PRRSV
83	0.00066629139909706	PRRSV	Disease	PRRSV
831-D21	0.0872190109184329	Disease	Disease	BARO
84	0.164305067158587	PRRSV	Disease	PRRSV
85	0.0342922316563173	PRRSV	Disease	PRRSV
86	0	PRRSV	Disease	PRRSV
861-D21	0.114100138086227	Disease	Disease	BARO
87	0	PRRSV	Disease	PRRSV
88	0.0941736087149406	PRRSV	Disease	PRRSV
889-D21	0	Disease	Disease	BARO
90	0	PRRSV	Disease	PRRSV
92	0.000557269268007115	PRRSV	Disease	PRRSV
93	0	PRRSV	Disease	PRRSV
94	0.00226179478194387	PRRSV	Disease	PRRSV
95	0.00295477702014264	PRRSV	Disease	PRRSV
96	0	PRRSV	Disease	PRRSV
98	0	PRRSV	Disease	PRRSV
99	0	PRRSV	Disease	PRRSV
COL-26	0	Streptococcus	Disease	COL
COL-33	0	Streptococcus	Disease	COL
COL-38	0	Streptococcus	Disease	COL
COL-42	0	Streptococcus	Disease	COL
COL-46	2.00656145596099E-05	Streptococcus	Disease	COL
COL-51	0	Streptococcus	Disease	COL
COL-67	9.25007147782505E-05	Streptococcus	Disease	COL
COL-71	0	Streptococcus	Disease	COL
EJ11	0	Glasser	Disease	EJ
EJ19	0	Glasser	Disease	EJ
EJ25	0	Glasser	Disease	EJ
EJ5	0	Glasser	Disease	EJ
EJ7	0	Glasser	Disease	EJ
GE266	0.0260148895509327	Mycoplasma	Disease	GE
GE268	0.0773916375884951	Mycoplasma	Disease	GE
GE272	0.116781996212074	Mycoplasma	Disease	GE
GE275	0.0105343894551945	Mycoplasma	Disease	GE
GE276	0.0440450720296677	Mycoplasma	Disease	GE
GE278	0	Mycoplasma	Disease	GE
GE279	0.000101116399956557	Mycoplasma	Disease	GE
GE280	0.0520296041112615	Mycoplasma	Disease	GE
GE281	0	Mycoplasma	Disease	GE
GE286	0.0110537716615698	Mycoplasma	Disease	GE
MC1518	0.00571822932071379	Glasser	Disease	MC
MC2023	0.00440317576200037	Glasser	Disease	MC
MC2029	0.00487396791910668	Glasser	Disease	MC
MC2035	0.00675558452892284	Glasser	Disease	MC
MC2038	0.0123067213632061	Glasser	Disease	MC
MC6060	0.178383720407888	Glasser	Disease	MC
MC6062	0.136640858861006	Glasser	Disease	MC
MC6081	0.0115046096790201	Glasser	Disease	MC
MC6094	0.00358195185781393	Glasser	Disease	MC
MC6095	0.14003920226502	Glasser	Disease	MC
MT225	0.0232291405745323	Glasser	Disease	MT
MT251	0.0167997847846455	Glasser	Disease	MT
MT257	0.0754742579396914	Glasser	Disease	MT
MTT5	0.0424616838171509	Glasser	Disease	MT
MTT7	0.000319090183885946	Glasser	Disease	MT
MTT9	0.10420254202542	Glasser	Disease	MT
RM307	0.059768658832541	Mycoplasma	Disease	RM
RM315	4.95190934196743E-05	Mycoplasma	Disease	RM
RM318	0.042158873196045	Mycoplasma	Disease	RM
RM322	0.00896198048910865	Mycoplasma	Disease	RM
RM326	0	Mycoplasma	Disease	RM
RM327	0	Mycoplasma	Disease	RM
RM330	0.0351534781991669	Mycoplasma	Disease	RM
RM334	1.26676885268745E-05	Mycoplasma	Disease	RM
RM338	0.0799718954366116	Mycoplasma	Disease	RM
RM339	0.0529213633524671	Mycoplasma	Disease	RM
