ID	Rat_MG_Df	Rel_abS_Df	Pathogen	State	Farm
100	0	0.00782713170076681	PRRSV	Disease	PRRSV
101	0	0.00679028639303154	PRRSV	Disease	PRRSV
103	0	0.00505394310704045	PRRSV	Disease	PRRSV
104	0	0.0356990899420872	PRRSV	Disease	PRRSV
105	0	0.00208864875681625	PRRSV	Disease	PRRSV
106	0	0.0141019280563805	PRRSV	Disease	PRRSV
107	0	0.0325698288477445	PRRSV	Disease	PRRSV
108	0	0.0105523349910249	PRRSV	Disease	PRRSV
110	0	0.0120524971891517	PRRSV	Disease	PRRSV
111	0	0.0137716904123995	PRRSV	Disease	PRRSV
112	0	0.00731265400782722	PRRSV	Disease	PRRSV
112-D21	0.0293229590059227	0.0462551713641332	Disease	Disease	BARO
113	0	0.00408177226447148	PRRSV	Disease	PRRSV
115	0	0.033264454438637	PRRSV	Disease	PRRSV
116	0.00421052631578947	0.00623227696238821	PRRSV	Disease	PRRSV
117	0	0.021751458198315	PRRSV	Disease	PRRSV
123-D21	0	0	Disease	Disease	BARO
129-D21	7.67440543601358	0.136140426614451	Disease	Disease	BARO
2714-D21	0	0	Disease	Disease	BARO
334-D21	0.140476305492489	0.0103648370962948	Disease	Disease	BARO
351-D21	0.000564907920009039	0.0107942738397599	Disease	Disease	BARO
358-D21	0	0	Disease	Disease	BARO
41	0	0.0225201805992612	PRRSV	Disease	PRRSV
42	0	0.0480704555902349	PRRSV	Disease	PRRSV
508-D21	0.858159181858601	0.125714477279203	Disease	Disease	BARO
516-D21	0.0285929270127915	0.0216498103666245	Disease	Disease	BARO
554-D21	0	0	Disease	Disease	BARO
6-D21	0.00603186185090598	0.0230416684186183	Disease	Disease	BARO
61	0	0.0054507317120651	PRRSV	Disease	PRRSV
629-D21	2.43532032570287	0.016745555476042	Disease	Disease	BARO
63	0	0.0260162601626016	PRRSV	Disease	PRRSV
71	0.954314720812179	0.0153455193936692	PRRSV	Disease	PRRSV
72	0.159290968286507	0.0242362647217074	PRRSV	Disease	PRRSV
73	0	0.0230302138753361	PRRSV	Disease	PRRSV
75-D21	0	0	Disease	Disease	BARO
76	0	0.0585054848892084	PRRSV	Disease	PRRSV
81	1.46843378794545	0.0153780042358575	PRRSV	Disease	PRRSV
82	0.0100404406637847	0.0182593412316105	PRRSV	Disease	PRRSV
83	0.00267848896277824	0.0486852232650576	PRRSV	Disease	PRRSV
831-D21	0.554738562091502	0.0365767501605652	Disease	Disease	BARO
84	0.869122400439109	0.0460713668069407	PRRSV	Disease	PRRSV
85	0.204643424336383	0.00704600177417311	PRRSV	Disease	PRRSV
86	0	0.0106399422918384	PRRSV	Disease	PRRSV
861-D21	0.356674660271782	0.0398915767401422	Disease	Disease	BARO
87	0	0.0178526427481928	PRRSV	Disease	PRRSV
88	1.04613278576318	0.0243752156553458	PRRSV	Disease	PRRSV
889-D21	0	0	Disease	Disease	BARO
90	0	0.00590805626840356	PRRSV	Disease	PRRSV
92	0.0148381294964029	0.0118996690158287	PRRSV	Disease	PRRSV
93	0	0.00633510565455812	PRRSV	Disease	PRRSV
94	0.00632911392405064	0.0033847281067822	PRRSV	Disease	PRRSV
95	0.0174820310688616	0.00554118661337095	PRRSV	Disease	PRRSV
96	0	0.015135316315975	PRRSV	Disease	PRRSV
98	0	0.0117679125879927	PRRSV	Disease	PRRSV
99	0	0.00561525259309007	PRRSV	Disease	PRRSV
COL-26	0	0.122475264598737	Streptococcus	Disease	COL
COL-33	0	0.0176110550705732	Streptococcus	Disease	COL
COL-38	0	0.0808745255947422	Streptococcus	Disease	COL
COL-42	0	0.0638769902896053	Streptococcus	Disease	COL
COL-46	0.0199999999999999	0.0431159892849618	Streptococcus	Disease	COL
COL-51	0	0.0729200409732011	Streptococcus	Disease	COL
COL-67	0.079710144927536	0.0620091155249836	Streptococcus	Disease	COL
COL-71	0	0.0713036549526057	Streptococcus	Disease	COL
EJ11	0	3.98105020104303E-05	Glasser	Disease	EJ
EJ19	0	0	Glasser	Disease	EJ
EJ25	0	8.11655371129418E-05	Glasser	Disease	EJ
EJ5	0	0	Glasser	Disease	EJ
EJ7	0	0	Glasser	Disease	EJ
GE266	0.1067486930348	0.0334146231605227	Mycoplasma	Disease	GE
GE268	0.696420792798022	0.0542286048528611	Mycoplasma	Disease	GE
GE272	1.63123919308357	0.108364383595558	Mycoplasma	Disease	GE
GE275	0.231770833333333	0.0508822847078542	Mycoplasma	Disease	GE
GE276	0.187670927617852	0.0374364094518138	Mycoplasma	Disease	GE
GE278	0	0.0600276416635256	Mycoplasma	Disease	GE
GE279	0.0150922302962548	0.0770581868705972	Mycoplasma	Disease	GE
GE280	4.08888062476758	0.0173857904051637	Mycoplasma	Disease	GE
GE281	0	0.101931340786956	Mycoplasma	Disease	GE
GE286	0.064922915731178	0.0375764525993884	Mycoplasma	Disease	GE
MC1518	0.256259204712812	0.0149199776528969	Glasser	Disease	MC
MC2023	0.32086450540316	0.00866946523088155	Glasser	Disease	MC
MC2029	0.306215722120658	0.0305241334157786	Glasser	Disease	MC
MC2035	0.239470741707044	0.0183636239373755	Glasser	Disease	MC
MC2038	0.385502471169688	0.00873040917218891	Glasser	Disease	MC
MC6060	8.78054173576562	0.0132967970890796	Glasser	Disease	MC
MC6062	13.1255766273706	0.0100847869121877	Glasser	Disease	MC
MC6081	0.389650597080938	0.0199665700331688	Glasser	Disease	MC
MC6094	0.25049374588545	0.00732864525967974	Glasser	Disease	MC
MC6095	4.81905781584583	0.00801157400205345	Glasser	Disease	MC
MT225	0.191938997821351	0.0283245224315452	Glasser	Disease	MT
MT251	0.0470759492848277	0.0117881427471498	Glasser	Disease	MT
MT257	0.500567270451077	0.026290642253787	Glasser	Disease	MT
MTT5	11.1979977753059	0.016691669490322	Glasser	Disease	MT
MTT7	0.00464534572092193	0.0257276688007527	Glasser	Disease	MT
MTT9	0.651416122004357	0.0197416974169742	Glasser	Disease	MT
RM307	0.243091440125815	0.0308160281645535	Mycoplasma	Disease	RM
RM315	0.000639763779527559	0.0243253023521569	Mycoplasma	Disease	RM
RM318	0.249657924743444	0.0305866042803916	Mycoplasma	Disease	RM
RM322	0.0540186774737584	0.0218537017239075	Mycoplasma	Disease	RM
RM326	0	0.0263701912640392	Mycoplasma	Disease	RM
RM327	0	0.0210854840500627	Mycoplasma	Disease	RM
RM330	0.142605574181313	0.0555977593936004	Mycoplasma	Disease	RM
RM334	8.66451016635859E-05	0.0268639448026585	Mycoplasma	Disease	RM
RM338	0.317542071284225	0.0161331003296881	Mycoplasma	Disease	RM
RM339	0.272763853759485	0.0288716057460667	Mycoplasma	Disease	RM
