ID	Health_status	Treatment	State
EJ11	Glasser	antibiotic	Disease
EJ19	Glasser	antibiotic	Disease
EJ25	Glasser	antibiotic	Disease
EJ7	Glasser	antibiotic	Disease
EJ5	Glasser	antibiotic	Disease
GM5	Healthy	antibiotic	Healthy
GM4	Healthy	antibiotic	Healthy
GM3	Healthy	antibiotic	Healthy
GM2	Healthy	antibiotic	Healthy
GM1	Healthy	antibiotic	Healthy
GM10	Healthy	antibiotic	Healthy
GM8	Healthy	antibiotic	Healthy
GM9	Healthy	antibiotic	Healthy
GM6	Healthy	antibiotic	Healthy
GM7	Healthy	antibiotic	Healthy
GW-3	Healthy	antibiotic	Healthy
GW-4	Healthy	antibiotic	Healthy
GW-5	Healthy	antibiotic	Healthy
GW-6	Healthy	antibiotic	Healthy
GW-7	Healthy	antibiotic	Healthy
GW-8	Healthy	antibiotic	Healthy
GW-9	Healthy	antibiotic	Healthy
GW-10	Healthy	antibiotic	Healthy
KD1	Healthy	noant	Healthy
KD3	Healthy	noant	Healthy
KD5	Healthy	noant	Healthy
KD7	Healthy	noant	Healthy
KD9	Healthy	noant	Healthy
LG1	Healthy	noant	Healthy
LG3	Healthy	noant	Healthy
LG5	Healthy	noant	Healthy
LG7	Healthy	noant	Healthy
LG9	Healthy	noant	Healthy
MC6095	Glasser	antibiotic	Disease
MC6062	Glasser	antibiotic	Disease
MC6081	Glasser	antibiotic	Disease
MC6094	Glasser	antibiotic	Disease
MC2035	Glasser	antibiotic	Disease
MC2029	Glasser	antibiotic	Disease
MC6060	Glasser	antibiotic	Disease
MC2023	Glasser	antibiotic	Disease
MC2038	Glasser	antibiotic	Disease
MC1518	Glasser	antibiotic	Disease
MTT7	Glasser	antibiotic	Disease
MTT9	Glasser	antibiotic	Disease
MT251	Glasser	antibiotic	Disease
MTT5	Glasser	antibiotic	Disease
MT225	Glasser	antibiotic	Disease
MT257	Glasser	antibiotic	Disease
PRAT11	Healthy	antibiotic	Healthy
PRAT9	Healthy	antibiotic	Healthy
PRAT7	Healthy	antibiotic	Healthy
PRAT8	Healthy	antibiotic	Healthy
PRAT6	Healthy	antibiotic	Healthy
VL1	Healthy	antibiotic	Healthy
VL3	Healthy	antibiotic	Healthy
VL5	Healthy	antibiotic	Healthy
VL7	Healthy	antibiotic	Healthy
VL9	Healthy	antibiotic	Healthy
MC6100	Healthy	noant	Healthy
MC6197	Healthy	noant	Healthy
MC6099	Healthy	noant	Healthy
MC4600	Healthy	noant	Healthy
MC4594	Healthy	noant	Healthy
MC1705	Healthy	noant	Healthy
MC1704	Healthy	noant	Healthy
MC1703	Healthy	noant	Healthy
MC1701	Healthy	noant	Healthy
MC1702	Healthy	noant	Healthy
MT1	Healthy	noant	Healthy
MT2	Healthy	noant	Healthy
MT3	Healthy	noant	Healthy
MT5	Healthy	noant	Healthy
MT6	Healthy	noant	Healthy
MT7	Healthy	noant	Healthy
MT8	Healthy	noant	Healthy
MT9	Healthy	noant	Healthy
MG-1	Healthy	noant	Healthy
MG-10	Healthy	noant	Healthy
MG-13	Healthy	noant	Healthy
MG-14	Healthy	noant	Healthy
MG-15	Healthy	noant	Healthy
MG-16	Healthy	noant	Healthy
MG-2	Healthy	noant	Healthy
MG-20	Healthy	noant	Healthy
MG-5	Healthy	noant	Healthy
MG-6	Healthy	noant	Healthy
MG-9	Healthy	noant	Healthy
MGT-19	Healthy	noant	Healthy
C12-D15	Healthy	noant	Healthy
C8-D15	Healthy	noant	Healthy
D5-D15	Healthy	noant	Healthy
C13-D15	Healthy	noant	Healthy
C9-D15	Healthy	noant	Healthy
D1-D15	Healthy	noant	Healthy
D6-D15	Healthy	noant	Healthy
C10-D15	Healthy	noant	Healthy
C14-D15	Healthy	noant	Healthy
D2-D15	Healthy	noant	Healthy
112L	Healthy	noant	Healthy
111L	Healthy	noant	Healthy
114L	Healthy	noant	Healthy
204	Healthy	noant	Healthy
369	Healthy	noant	Healthy
400	Healthy	noant	Healthy
405	Healthy	noant	Healthy
455	Healthy	noant	Healthy
456	Healthy	noant	Healthy
556	Healthy	noant	Healthy
557	Healthy	noant	Healthy
570	Healthy	noant	Healthy
571	Healthy	noant	Healthy
639	Healthy	noant	Healthy
642	Healthy	noant	Healthy
652	Healthy	noant	Healthy
654	Healthy	noant	Healthy
667	Healthy	noant	Healthy
669	Healthy	noant	Healthy
443N-DNA	Healthy	antibiotic	Healthy
448N-DNA	Healthy	antibiotic	Healthy
452N-DNA	Healthy	antibiotic	Healthy
456N-DNA	Healthy	antibiotic	Healthy
460N-DNA	Healthy	antibiotic	Healthy
464N-DNA	Healthy	antibiotic	Healthy
480N-DNA	Healthy	antibiotic	Healthy
484N-DNA	Healthy	antibiotic	Healthy
577N-DNA	Healthy	antibiotic	Healthy
578N-DNA	Healthy	antibiotic	Healthy
579N-DNA	Healthy	antibiotic	Healthy
580N-DNA	Healthy	antibiotic	Healthy
581N-DNA	Healthy	antibiotic	Healthy
583N-DNA	Healthy	antibiotic	Healthy
584N-DNA	Healthy	antibiotic	Healthy
585N-DNA	Healthy	antibiotic	Healthy
682N-DNA	Healthy	antibiotic	Healthy
683N-DNA	Healthy	antibiotic	Healthy
684N-DNA	Healthy	antibiotic	Healthy
687N-DNA	Healthy	antibiotic	Healthy
689N-DNA	Healthy	antibiotic	Healthy
690N-DNA	Healthy	antibiotic	Healthy
691N-DNA	Healthy	antibiotic	Healthy
694N-DNA	Healthy	antibiotic	Healthy
DNA1-NS-Deep	Healthy	antibiotic	Healthy
DNA1-NS-External	Healthy	antibiotic	Healthy
DNA1-NS-Middle	Healthy	antibiotic	Healthy
DNA1-NS-Standard	Healthy	antibiotic	Healthy
DNA2-NS-Deep	Healthy	antibiotic	Healthy
DNA2-NS-External	Healthy	antibiotic	Healthy
DNA2-NS-Middle	Healthy	antibiotic	Healthy
DNA2-NS-Standard	Healthy	antibiotic	Healthy
DNA3-NS-Deep	Healthy	antibiotic	Healthy
DNA3-NS-External	Healthy	antibiotic	Healthy
DNA3-NS-Middle	Healthy	antibiotic	Healthy
DNA3-NS-Standard	Healthy	antibiotic	Healthy
DNA4-NS-Deep	Healthy	antibiotic	Healthy
DNA4-NS-External	Healthy	antibiotic	Healthy
DNA4-NS-Middle	Healthy	antibiotic	Healthy
DNA4-NS-Standard	Healthy	antibiotic	Healthy
DNA5-NS-Deep	Healthy	antibiotic	Healthy
DNA5-NS-External	Healthy	antibiotic	Healthy
DNA5-NS-Middle	Healthy	antibiotic	Healthy
DNA5-NS-Standard	Healthy	antibiotic	Healthy
41	PRSSV	antibiotic	Disease
42	PRSSV	antibiotic	Disease
61	PRSSV	antibiotic	Disease
63	PRSSV	antibiotic	Disease
71	PRSSV	antibiotic	Disease
72	PRSSV	antibiotic	Disease
73	PRSSV	antibiotic	Disease
76	PRSSV	antibiotic	Disease
90	PRSSV	antibiotic	Disease
92	PRSSV	antibiotic	Disease
93	PRSSV	antibiotic	Disease
94	PRSSV	antibiotic	Disease
95	PRSSV	antibiotic	Disease
96	PRSSV	antibiotic	Disease
101	PRSSV	antibiotic	Disease
103	PRSSV	antibiotic	Disease
104	PRSSV	antibiotic	Disease
105	PRSSV	antibiotic	Disease
106	PRSSV	antibiotic	Disease
107	PRSSV	antibiotic	Disease
108	PRSSV	antibiotic	Disease
117	PRSSV	antibiotic	Disease
81	PRSSV	antibiotic	Disease
82	PRSSV	antibiotic	Disease
83	PRSSV	antibiotic	Disease
84	PRSSV	antibiotic	Disease
85	PRSSV	antibiotic	Disease
86	PRSSV	antibiotic	Disease
87	PRSSV	antibiotic	Disease
88	PRSSV	antibiotic	Disease
98	PRSSV	antibiotic	Disease
99	PRSSV	antibiotic	Disease
100	PRSSV	antibiotic	Disease
110	PRSSV	antibiotic	Disease
111	PRSSV	antibiotic	Disease
112	PRSSV	antibiotic	Disease
113	PRSSV	antibiotic	Disease
115	PRSSV	antibiotic	Disease
116	PRSSV	antibiotic	Disease
112-D21	Disease	noant	Disease
123-D21	Disease	noant	Disease
129-D21	Disease	noant	Disease
2714-D21	Disease	antibiotic	Disease
334-D21	Disease	noant	Disease
351-D21	Disease	noant	Disease
358-D21	Disease	noant	Disease
508-D21	Disease	noant	Disease
516-D21	Disease	noant	Disease
554-D21	Disease	noant	Disease
6-D21	Disease	noant	Disease
629-D21	Disease	noant	Disease
75-D21	Disease	noant	Disease
831-D21	Disease	noant	Disease
861-D21	Disease	noant	Disease
889-D21	Disease	noant	Disease
1-D22	Healthy	noant	Healthy
10-D22	Healthy	noant	Healthy
11-D22	Healthy	antibiotic	Healthy
12-D22	Healthy	noant	Healthy
13-D22	Healthy	antibiotic	Healthy
19-D22	Healthy	noant	Healthy
2-D22	Healthy	antibiotic	Healthy
2-D22-B	Healthy	antibiotic	Healthy
20-D22	Healthy	antibiotic	Healthy
21-D22	Healthy	antibiotic	Healthy
28-D22	Healthy	noant	Healthy
29-D22	Healthy	antibiotic	Healthy
37-D24	Healthy	noant	Healthy
38-D24	Healthy	noant	Healthy
39-D24	Healthy	noant	Healthy
4-D22	Healthy	noant	Healthy
42-D24	Healthy	noant	Healthy
43-D24	Healthy	noant	Healthy
45-D24	Healthy	noant	Healthy
47-D24	Healthy	noant	Healthy
48-D24	Healthy	noant	Healthy
50-D24	Healthy	noant	Healthy
51-D24	Healthy	noant	Healthy
54-D24	Healthy	noant	Healthy
6-D22	Healthy	antibiotic	Healthy
7-D22	Healthy	noant	Healthy
GE266	Mycoplasma	antibiotic	Disease
GE268	Mycoplasma	antibiotic	Disease
GE272	Mycoplasma	antibiotic	Disease
GE275	Mycoplasma	antibiotic	Disease
GE276	Mycoplasma	antibiotic	Disease
GE278	Mycoplasma	antibiotic	Disease
GE279	Mycoplasma	antibiotic	Disease
GE280	Mycoplasma	antibiotic	Disease
GE281	Mycoplasma	antibiotic	Disease
GE286	Mycoplasma	antibiotic	Disease
RM307	Mycoplasma	antibiotic	Disease
RM315	Mycoplasma	antibiotic	Disease
RM318	Mycoplasma	antibiotic	Disease
RM322	Mycoplasma	antibiotic	Disease
RM326	Mycoplasma	antibiotic	Disease
RM327	Mycoplasma	antibiotic	Disease
RM330	Mycoplasma	antibiotic	Disease
RM334	Mycoplasma	antibiotic	Disease
RM338	Mycoplasma	antibiotic	Disease
RM339	Mycoplasma	antibiotic	Disease
COL-51	Streptococcus	noant	Disease
COL-26	Streptococcus	noant	Disease
COL-33	Streptococcus	noant	Disease
COL-38	Streptococcus	noant	Disease
COL-67	Streptococcus	noant	Disease
COL-42	Streptococcus	noant	Disease
COL-71	Streptococcus	noant	Disease
COL-46	Streptococcus	noant	Disease
