Sample	Rat_GS	Health_status	State	Farm
1-D22	0.0783564261825131	Healthy	Healthy	IRTA
10-D22	0.0575692963752664	Healthy	Healthy	IRTA
11-D22	0	Healthy	Healthy	IRTA
111L	0	Healthy	Healthy	farm-ASN
112L	0	Healthy	Healthy	farm-ASN
114L	0	Healthy	Healthy	farm-ASN
12-D22	0.0413297394429471	Healthy	Healthy	IRTA
13-D22	0	Healthy	Healthy	IRTA
19-D22	0	Healthy	Healthy	IRTA
2-D22	0.111233480176211	Healthy	Healthy	IRTA
2-D22-B	0.195959595959597	Healthy	Healthy	IRTA
20-D22	0.222575516693164	Healthy	Healthy	IRTA
204	0	Healthy	Healthy	farm-ASN
21-D22	0	Healthy	Healthy	IRTA
28-D22	0	Healthy	Healthy	IRTA
29-D22	0	Healthy	Healthy	IRTA
369	0	Healthy	Healthy	farm-ASN
37-D24	0.0778107484338937	Healthy	Healthy	IRTA
38-D24	0.323369565217392	Healthy	Healthy	IRTA
39-D24	0.0422360248447205	Healthy	Healthy	IRTA
4-D22	0	Healthy	Healthy	IRTA
400	0	Healthy	Healthy	farm-ASN
405	0	Healthy	Healthy	farm-ASN
42-D24	0.249355670103092	Healthy	Healthy	IRTA
43-D24	1.55303983228512	Healthy	Healthy	IRTA
443N-DNA	7.36940164815479	Healthy	Healthy	farmG3
448N-DNA	4.66517256835499	Healthy	Healthy	farmG3
45-D24	0	Healthy	Healthy	IRTA
452N-DNA	0.820552744258468	Healthy	Healthy	farmG3
455	0	Healthy	Healthy	farm-ASN
456	0	Healthy	Healthy	farm-ASN
456N-DNA	2.43219597550306	Healthy	Healthy	farmG3
460N-DNA	2.38059267867519	Healthy	Healthy	farmG3
464N-DNA	0.60776659132936	Healthy	Healthy	farmG3
47-D24	0.118708452041785	Healthy	Healthy	IRTA
48-D24	0	Healthy	Healthy	IRTA
480N-DNA	0.713612812058408	Healthy	Healthy	farmG3
484N-DNA	0.145571181840612	Healthy	Healthy	farmG3
50-D24	1.52814569536424	Healthy	Healthy	IRTA
51-D24	0.343889315910837	Healthy	Healthy	IRTA
54-D24	6.03090332805071	Healthy	Healthy	IRTA
556	0	Healthy	Healthy	farm-ASN
557	0	Healthy	Healthy	farm-ASN
570	0	Healthy	Healthy	farm-ASN
571	0	Healthy	Healthy	farm-ASN
577N-DNA	1.72199803686334	Healthy	Healthy	farmFD2
578N-DNA	2.29652193176784	Healthy	Healthy	farmFD2
579N-DNA	0.0296557871640154	Healthy	Healthy	farmFD2
580N-DNA	2.70968099246788	Healthy	Healthy	farmFD2
581N-DNA	2.86080187494768	Healthy	Healthy	farmFD2
583N-DNA	0.748482449195039	Healthy	Healthy	farmFD2
584N-DNA	1.66060181945417	Healthy	Healthy	farmFD2
585N-DNA	0.0976937618147448	Healthy	Healthy	farmFD2
6-D22	1.05960264900662	Healthy	Healthy	IRTA
639	0	Healthy	Healthy	farm-ASN
642	0	Healthy	Healthy	farm-ASN
652	0	Healthy	Healthy	farm-ASN
654	0	Healthy	Healthy	farm-ASN
667	0	Healthy	Healthy	farm-ASN
669	0	Healthy	Healthy	farm-ASN
682N-DNA	15.5150822669104	Healthy	Healthy	farmFD1
683N-DNA	4.24745149621834	Healthy	Healthy	farmFD1
684N-DNA	2.86910696481982	Healthy	Healthy	farmFD1
687N-DNA	1.73236590742101	Healthy	Healthy	farmFD1
689N-DNA	12.3834976647639	Healthy	Healthy	farmFD1
690N-DNA	0.590003904724717	Healthy	Healthy	farmFD1
691N-DNA	16.5015662428598	Healthy	Healthy	farmFD1
694N-DNA	8.47115384615386	Healthy	Healthy	farmFD1
7-D22	0	Healthy	Healthy	IRTA
C10-D15	0.0345814977973568	Healthy	Healthy	P3
C12-D15	0	Healthy	Healthy	P3
C13-D15	0	Healthy	Healthy	P3
C14-D15	0.0435990737677805	Healthy	Healthy	P3
C8-D15	0	Healthy	Healthy	P3
C9-D15	0	Healthy	Healthy	P3
D1-D15	0	Healthy	Healthy	P3
D2-D15	0.0484370599831034	Healthy	Healthy	P3
D5-D15	0	Healthy	Healthy	P3
D6-D15	0	Healthy	Healthy	P3
DNA1-NS-Deep	2.08798646362098	Healthy	Healthy	cresa
DNA1-NS-External	0.137404580152672	Healthy	Healthy	cresa
DNA1-NS-Middle	0.12944582299421	Healthy	Healthy	cresa
DNA1-NS-Standard	0.17203513909224	Healthy	Healthy	cresa
DNA2-NS-Deep	0.440366972477065	Healthy	Healthy	cresa
DNA2-NS-External	0.0258620689655173	Healthy	Healthy	cresa
DNA2-NS-Middle	0.0353585112205801	Healthy	Healthy	cresa
DNA2-NS-Standard	0.470046082949308	Healthy	Healthy	cresa
DNA3-NS-Deep	0.264559555165349	Healthy	Healthy	cresa
DNA3-NS-External	0.00355609232420827	Healthy	Healthy	cresa
DNA3-NS-Middle	0.0917632320701532	Healthy	Healthy	cresa
DNA3-NS-Standard	0.00653772813947154	Healthy	Healthy	cresa
DNA4-NS-Deep	0.27920910724985	Healthy	Healthy	cresa
DNA4-NS-External	0.00426136363636365	Healthy	Healthy	cresa
DNA4-NS-Middle	0.0294365012615643	Healthy	Healthy	cresa
DNA4-NS-Standard	0	Healthy	Healthy	cresa
DNA5-NS-Deep	0	Healthy	Healthy	cresa
DNA5-NS-External	0.0585365853658537	Healthy	Healthy	cresa
DNA5-NS-Middle	0	Healthy	Healthy	cresa
DNA5-NS-Standard	0.290843806104128	Healthy	Healthy	cresa
GM1	2.41036742335596	Healthy	Healthy	GM
GM10	0.898668245042914	Healthy	Healthy	GM
GM2	1.1226885823305	Healthy	Healthy	GM
GM3	1.62347798938495	Healthy	Healthy	GM
GM4	1.33435067907829	Healthy	Healthy	GM
GM5	0.406881485527034	Healthy	Healthy	GM
GM6	0.547865459249677	Healthy	Healthy	GM
GM7	1.47434435575827	Healthy	Healthy	GM
GM8	0.866641780598199	Healthy	Healthy	GM
GM9	1.32456258714523	Healthy	Healthy	GM
GW-10	2.24848484848485	Healthy	Healthy	GW
GW-3	5.03935860058308	Healthy	Healthy	GW
GW-4	1.9970267591675	Healthy	Healthy	GW
GW-5	2.94084821428572	Healthy	Healthy	GW
GW-6	2.67018779342723	Healthy	Healthy	GW
GW-7	2.30504587155964	Healthy	Healthy	GW
GW-8	1.40927536231884	Healthy	Healthy	GW
GW-9	5.44155844155844	Healthy	Healthy	GW
KD1	7.00000000000001	Healthy	Healthy	KD
KD3	25.384837962963	Healthy	Healthy	KD
KD5	2.89248366013071	Healthy	Healthy	KD
KD7	3.93092105263158	Healthy	Healthy	KD
KD9	7.08494881289478	Healthy	Healthy	KD
LG1	0	Healthy	Healthy	LG
LG3	0	Healthy	Healthy	LG
LG5	0	Healthy	Healthy	LG
LG7	0	Healthy	Healthy	LG
LG9	0	Healthy	Healthy	LG
MC1701	0	Healthy	Healthy	MC
MC1702	0	Healthy	Healthy	MC
MC1703	0	Healthy	Healthy	MC
MC1704	0	Healthy	Healthy	MC
MC1705	0	Healthy	Healthy	MC
MC4594	0	Healthy	Healthy	MC
MC4600	0	Healthy	Healthy	MC
MC6099	0	Healthy	Healthy	MC
MC6100	0	Healthy	Healthy	MC
MC6197	0	Healthy	Healthy	MC
MG-1	19.8585263157895	Healthy	Healthy	MT
MG-10	8.29706731499777	Healthy	Healthy	MT
MG-13	5.311751497006	Healthy	Healthy	MT
MG-14	15.5792778649921	Healthy	Healthy	MT
MG-15	2.36655155402072	Healthy	Healthy	MT
MG-16	4.63798219584569	Healthy	Healthy	MT
MG-2	10.6639424648578	Healthy	Healthy	MT
MG-20	2.57339157339157	Healthy	Healthy	MT
MG-5	5.12643093360467	Healthy	Healthy	MT
MG-6	17.7247506234414	Healthy	Healthy	MT
MG-9	8.20497680303668	Healthy	Healthy	MT
MGT-19	1.49141630901287	Healthy	Healthy	MT
MT1	0	Healthy	Healthy	MT
MT2	0	Healthy	Healthy	MT
MT3	0	Healthy	Healthy	MT
MT5	0	Healthy	Healthy	MT
MT6	0	Healthy	Healthy	MT
MT7	0	Healthy	Healthy	MT
MT8	0	Healthy	Healthy	MT
MT9	0	Healthy	Healthy	MT
PRAT11	0.449913809615016	Healthy	Healthy	PT
PRAT6	16.0495156081808	Healthy	Healthy	PT
PRAT7	0.370731707317074	Healthy	Healthy	PT
PRAT8	1.45995281261642	Healthy	Healthy	PT
PRAT9	1.16248335552597	Healthy	Healthy	PT
VL1	0	Healthy	Healthy	VL
VL3	0	Healthy	Healthy	VL
VL5	0	Healthy	Healthy	VL
VL7	0	Healthy	Healthy	VL
VL9	0	Healthy	Healthy	VL
100	7.73137697516931	PRRSV	Disease	PRRSV
101	11.3984450923226	PRRSV	Disease	PRRSV
103	0.744897959183674	PRRSV	Disease	PRRSV
104	0.35043866909452	PRRSV	Disease	PRRSV
105	54.4191616766469	PRRSV	Disease	PRRSV
106	0.775421686746992	PRRSV	Disease	PRRSV
107	0.768118773197888	PRRSV	Disease	PRRSV
108	1.38092582264362	PRRSV	Disease	PRRSV
110	0.884917175239754	PRRSV	Disease	PRRSV
111	9.79272727272733	PRRSV	Disease	PRRSV
112	6.56987115956393	PRRSV	Disease	PRRSV
112-D21	5.15166018546215	Disease	Disease	BARO
113	7.64804469273742	PRRSV	Disease	PRRSV
115	1.40438489646772	PRRSV	Disease	PRRSV
116	3.5625	PRRSV	Disease	PRRSV
117	20.4727653631285	PRRSV	Disease	PRRSV
123-D21	0	Disease	Disease	BARO
129-D21	0.1	Disease	Disease	BARO
2714-D21	0	Disease	Disease	BARO
334-D21	25.8117206982542	Disease	Disease	BARO
351-D21	23.6657754010694	Disease	Disease	BARO
358-D21	0	Disease	Disease	BARO
41	5.88335358444713	PRRSV	Disease	PRRSV
42	0.292027380712705	PRRSV	Disease	PRRSV
508-D21	1.19946666666667	Disease	Disease	BARO
516-D21	17.2457420924575	Disease	Disease	BARO
554-D21	0	Disease	Disease	BARO
6-D21	9.37842153284672	Disease	Disease	BARO
61	12.1473214285714	PRRSV	Disease	PRRSV
629-D21	7.94749694749697	Disease	Disease	BARO
63	1.22784810126583	Disease	Disease	PRRSV
71	0.114468332364904	PRRSV	Disease	PRRSV
72	2.04563394178589	PRRSV	Disease	PRRSV
73	2.28105039034776	PRRSV	Disease	PRRSV
75-D21	0	Disease	Disease	BARO
76	0.973646723646723	PRRSV	Disease	PRRSV
81	9.07385229540914	PRRSV	Disease	PRRSV
82	4.26084373143196	PRRSV	Disease	PRRSV
83	5.10948560641811	PRRSV	Disease	PRRSV
831-D21	4.29850746268658	Disease	Disease	BARO
84	4.10335335335334	PRRSV	Disease	PRRSV
85	23.7823741007195	PRRSV	Disease	PRRSV
86	11.0726392251816	PRRSV	Disease	PRRSV
861-D21	8.01923076923077	Disease	Disease	BARO
87	3.49331352154533	PRRSV	Disease	PRRSV
88	3.69312436804853	PRRSV	Disease	PRRSV
889-D21	0	Disease	Disease	BARO
90	12.5336179295624	PRRSV	Disease	PRRSV
92	3.15610217596973	PRRSV	Disease	PRRSV
93	26.1842105263157	PRRSV	Disease	PRRSV
94	105.581176470588	PRRSV	Disease	PRRSV
95	30.5021216407355	PRRSV	Disease	PRRSV
96	14.8705612829324	PRRSV	Disease	PRRSV
98	7.53776435045317	PRRSV	Disease	PRRSV
99	9.48172757475083	PRRSV	Disease	PRRSV
COL-26	0.00290403484841817	Streptococcus	Disease	COL
COL-33	0.0133505598621877	Streptococcus	Disease	COL
COL-38	0.00822662565276487	Streptococcus	Disease	COL
COL-42	0	Streptococcus	Disease	COL
COL-46	0.0232693426410705	Streptococcus	Disease	COL
COL-51	0.00564293432584944	Streptococcus	Disease	COL
COL-67	0.0187144019528072	Streptococcus	Disease	COL
COL-71	0.00217691023873448	Streptococcus	Disease	COL
EJ11	0	Glasser	Disease	EJ
EJ19	0	Glasser	Disease	EJ
EJ25	0	Glasser	Disease	EJ
EJ5	0	Glasser	Disease	EJ
EJ7	0	Glasser	Disease	EJ
GE266	7.29327941459657	Mycoplasma	Disease	GE
GE268	2.04924496020234	Mycoplasma	Disease	GE
GE272	0.660650369354964	Mycoplasma	Disease	GE
GE275	0.893272541174281	Mycoplasma	Disease	GE
GE276	6.26911353822708	Mycoplasma	Disease	GE
GE278	0.317314132618889	Mycoplasma	Disease	GE
GE279	0.0869459564541213	Mycoplasma	Disease	GE
GE280	0.731899836690254	Mycoplasma	Disease	GE
GE281	0.0862020182967089	Mycoplasma	Disease	GE
GE286	4.53102746693793	Mycoplasma	Disease	GE
MC1518	1.49559471365639	Glasser	Disease	MC
MC2023	1.5828947368421	Glasser	Disease	MC
MC2029	0.52144899904671	Glasser	Disease	MC
MC2035	1.53621528771829	Glasser	Disease	MC
MC2038	3.6566265060241	Glasser	Disease	MC
MC6060	1.52787162162161	Glasser	Disease	MC
MC6062	1.03227513227512	Glasser	Disease	MC
MC6081	1.47874427730543	Glasser	Disease	MC
MC6094	1.95118818240206	Glasser	Disease	MC
MC6095	3.62718446601942	Glasser	Disease	MC
MT225	4.2727484291366	Glasser	Disease	MT
MT251	30.2732638205783	Glasser	Disease	MT
MT257	5.7350235584474	Glasser	Disease	MT
MTT5	0.227173180592992	Glasser	Disease	MT
MTT7	2.66989982509143	Glasser	Disease	MT
MTT9	8.10280373831773	Glasser	Disease	MT
RM307	7.97860898661566	Mycoplasma	Disease	RM
RM315	3.18196053867836	Mycoplasma	Disease	RM
RM318	5.5209316965691	Mycoplasma	Disease	RM
RM322	7.59163004012996	Mycoplasma	Disease	RM
RM326	3.2710233029382	Mycoplasma	Disease	RM
RM327	5.9251457588866	Mycoplasma	Disease	RM
RM330	4.43378378378378	Mycoplasma	Disease	RM
RM334	5.4423137378183	Mycoplasma	Disease	RM
RM338	15.6105527638191	Mycoplasma	Disease	RM
RM339	6.7200618078805	Mycoplasma	Disease	RM
