Sample	Rat_SM	Health_status	State	Farm
1-D22	0	Healthy	Healthy	IRTA
10-D22	0	Healthy	Healthy	IRTA
11-D22	0	Healthy	Healthy	IRTA
111L	0	Healthy	Healthy	farm-ASN
112L	0	Healthy	Healthy	farm-ASN
114L	0	Healthy	Healthy	farm-ASN
12-D22	0	Healthy	Healthy	IRTA
13-D22	0	Healthy	Healthy	IRTA
19-D22	0.0724269377382463	Healthy	Healthy	IRTA
2-D22	0	Healthy	Healthy	IRTA
2-D22-B	0	Healthy	Healthy	IRTA
20-D22	0	Healthy	Healthy	IRTA
204	0	Healthy	Healthy	farm-ASN
21-D22	0.194915254237288	Healthy	Healthy	IRTA
28-D22	0	Healthy	Healthy	IRTA
29-D22	0	Healthy	Healthy	IRTA
369	0	Healthy	Healthy	farm-ASN
37-D24	0.00164853280580284	Healthy	Healthy	IRTA
38-D24	0	Healthy	Healthy	IRTA
39-D24	0.0041407867494824	Healthy	Healthy	IRTA
4-D22	0.809523809523808	Healthy	Healthy	IRTA
400	0	Healthy	Healthy	farm-ASN
405	0	Healthy	Healthy	farm-ASN
42-D24	0	Healthy	Healthy	IRTA
43-D24	0	Healthy	Healthy	IRTA
443N-DNA	0.00179147259046937	Healthy	Healthy	farmG3
448N-DNA	0.0475123263110712	Healthy	Healthy	farmG3
45-D24	0	Healthy	Healthy	IRTA
452N-DNA	4.44024912417283	Healthy	Healthy	farmG3
455	0	Healthy	Healthy	farm-ASN
456	0	Healthy	Healthy	farm-ASN
456N-DNA	3.31204432779236	Healthy	Healthy	farmG3
460N-DNA	0.0813480534572919	Healthy	Healthy	farmG3
464N-DNA	0.00493116909800698	Healthy	Healthy	farmG3
47-D24	0	Healthy	Healthy	IRTA
48-D24	0.00650118203309692	Healthy	Healthy	IRTA
480N-DNA	0.0169571361281206	Healthy	Healthy	farmG3
484N-DNA	0.00567480878361707	Healthy	Healthy	farmG3
50-D24	0	Healthy	Healthy	IRTA
51-D24	0	Healthy	Healthy	IRTA
54-D24	0.00713153724247227	Healthy	Healthy	IRTA
556	0	Healthy	Healthy	farm-ASN
557	0	Healthy	Healthy	farm-ASN
570	0	Healthy	Healthy	farm-ASN
571	0	Healthy	Healthy	farm-ASN
577N-DNA	0	Healthy	Healthy	farmFD2
578N-DNA	0	Healthy	Healthy	farmFD2
579N-DNA	0.00027427317608338	Healthy	Healthy	farmFD2
580N-DNA	0.00077536552946389	Healthy	Healthy	farmFD2
581N-DNA	0.00200887252029798	Healthy	Healthy	farmFD2
583N-DNA	0.000175947919415852	Healthy	Healthy	farmFD2
584N-DNA	0	Healthy	Healthy	farmFD2
585N-DNA	0	Healthy	Healthy	farmFD2
6-D22	0	Healthy	Healthy	IRTA
639	0	Healthy	Healthy	farm-ASN
642	0	Healthy	Healthy	farm-ASN
652	0	Healthy	Healthy	farm-ASN
654	0	Healthy	Healthy	farm-ASN
667	0	Healthy	Healthy	farm-ASN
669	0	Healthy	Healthy	farm-ASN
682N-DNA	0	Healthy	Healthy	farmFD1
683N-DNA	0	Healthy	Healthy	farmFD1
684N-DNA	0	Healthy	Healthy	farmFD1
687N-DNA	0	Healthy	Healthy	farmFD1
689N-DNA	0	Healthy	Healthy	farmFD1
690N-DNA	0.000780944943381492	Healthy	Healthy	farmFD1
691N-DNA	0.00165837479270315	Healthy	Healthy	farmFD1
694N-DNA	0	Healthy	Healthy	farmFD1
7-D22	0.322033898305086	Healthy	Healthy	IRTA
C10-D15	0	Healthy	Healthy	P3
C12-D15	0	Healthy	Healthy	P3
C13-D15	0	Healthy	Healthy	P3
C14-D15	0	Healthy	Healthy	P3
C8-D15	0	Healthy	Healthy	P3
C9-D15	0	Healthy	Healthy	P3
D1-D15	0	Healthy	Healthy	P3
D2-D15	0	Healthy	Healthy	P3
D5-D15	0	Healthy	Healthy	P3
D6-D15	0	Healthy	Healthy	P3
DNA1-NS-Deep	0.0558375634517766	Healthy	Healthy	cresa
DNA1-NS-External	0	Healthy	Healthy	cresa
DNA1-NS-Middle	0.0454921422663359	Healthy	Healthy	cresa
DNA1-NS-Standard	0	Healthy	Healthy	cresa
DNA2-NS-Deep	0	Healthy	Healthy	cresa
DNA2-NS-External	0	Healthy	Healthy	cresa
DNA2-NS-Middle	0	Healthy	Healthy	cresa
DNA2-NS-Standard	0	Healthy	Healthy	cresa
DNA3-NS-Deep	0	Healthy	Healthy	cresa
DNA3-NS-External	0	Healthy	Healthy	cresa
DNA3-NS-Middle	0.0169119949890385	Healthy	Healthy	cresa
DNA3-NS-Standard	0	Healthy	Healthy	cresa
DNA4-NS-Deep	0	Healthy	Healthy	cresa
DNA4-NS-External	0	Healthy	Healthy	cresa
DNA4-NS-Middle	0	Healthy	Healthy	cresa
DNA4-NS-Standard	0.00218722659667542	Healthy	Healthy	cresa
DNA5-NS-Deep	0	Healthy	Healthy	cresa
DNA5-NS-External	0.00878048780487806	Healthy	Healthy	cresa
DNA5-NS-Middle	0	Healthy	Healthy	cresa
DNA5-NS-Standard	0.0394973070017952	Healthy	Healthy	cresa
GM1	0.192838754973087	Healthy	Healthy	GM
GM10	0.0176383545427641	Healthy	Healthy	GM
GM2	0.00645729380686824	Healthy	Healthy	GM
GM3	6.22322822354042	Healthy	Healthy	GM
GM4	2.22539294979399	Healthy	Healthy	GM
GM5	0.00491534680502457	Healthy	Healthy	GM
GM6	0.026304441569642	Healthy	Healthy	GM
GM7	0.0378037014296991	Healthy	Healthy	GM
GM8	0.0569268816200831	Healthy	Healthy	GM
GM9	0.0372419376602347	Healthy	Healthy	GM
GW-10	1.65454545454545	Healthy	Healthy	GW
GW-3	0.57871720116618	Healthy	Healthy	GW
GW-4	0.229930624380575	Healthy	Healthy	GW
GW-5	0.219866071428571	Healthy	Healthy	GW
GW-6	0.103286384976526	Healthy	Healthy	GW
GW-7	1.01376146788991	Healthy	Healthy	GW
GW-8	0.90840579710145	Healthy	Healthy	GW
GW-9	1.44155844155844	Healthy	Healthy	GW
KD1	0	Healthy	Healthy	KD
KD3	0.039351851851852	Healthy	Healthy	KD
KD5	0.0369281045751633	Healthy	Healthy	KD
KD7	0.0789473684210527	Healthy	Healthy	KD
KD9	0.0396427793509039	Healthy	Healthy	KD
LG1	0	Healthy	Healthy	LG
LG3	0	Healthy	Healthy	LG
LG5	0	Healthy	Healthy	LG
LG7	0	Healthy	Healthy	LG
LG9	0	Healthy	Healthy	LG
MC1701	0	Healthy	Healthy	MC
MC1702	0	Healthy	Healthy	MC
MC1703	0	Healthy	Healthy	MC
MC1704	0	Healthy	Healthy	MC
MC1705	0	Healthy	Healthy	MC
MC4594	0	Healthy	Healthy	MC
MC4600	0	Healthy	Healthy	MC
MC6099	0	Healthy	Healthy	MC
MC6100	0	Healthy	Healthy	MC
MC6197	0	Healthy	Healthy	MC
MG-1	0	Healthy	Healthy	MT
MG-10	0.0022792888618751	Healthy	Healthy	MT
MG-13	0	Healthy	Healthy	MT
MG-14	0	Healthy	Healthy	MT
MG-15	0	Healthy	Healthy	MT
MG-16	0	Healthy	Healthy	MT
MG-2	1.74011114743379	Healthy	Healthy	MT
MG-20	0	Healthy	Healthy	MT
MG-5	0	Healthy	Healthy	MT
MG-6	0	Healthy	Healthy	MT
MG-9	0.00590468156895824	Healthy	Healthy	MT
MGT-19	0	Healthy	Healthy	MT
MT1	0	Healthy	Healthy	MT
MT2	0	Healthy	Healthy	MT
MT3	0	Healthy	Healthy	MT
MT5	0	Healthy	Healthy	MT
MT6	0	Healthy	Healthy	MT
MT7	0	Healthy	Healthy	MT
MT8	0	Healthy	Healthy	MT
MT9	0	Healthy	Healthy	MT
PRAT11	0.00593755985443402	Healthy	Healthy	PT
PRAT6	0.00134553283100107	Healthy	Healthy	PT
PRAT7	0.00750469043151969	Healthy	Healthy	PT
PRAT8	0	Healthy	Healthy	PT
PRAT9	0.00213049267643143	Healthy	Healthy	PT
VL1	0	Healthy	Healthy	VL
VL3	0	Healthy	Healthy	VL
VL5	0	Healthy	Healthy	VL
VL7	0	Healthy	Healthy	VL
VL9	2.33333333333334	Healthy	Healthy	VL
100	0	PRRSV	Disease	PRRSV
101	0	PRRSV	Disease	PRRSV
103	0	PRRSV	Disease	PRRSV
104	0	PRRSV	Disease	PRRSV
105	0	PRRSV	Disease	PRRSV
106	0	PRRSV	Disease	PRRSV
107	0	PRRSV	Disease	PRRSV
108	0	PRRSV	Disease	PRRSV
110	0	PRRSV	Disease	PRRSV
111	0	PRRSV	Disease	PRRSV
112	0	PRRSV	Disease	PRRSV
112-D21	0.151061920430751	Disease	Disease	BARO
113	0	PRRSV	Disease	PRRSV
115	0	PRRSV	Disease	PRRSV
116	0.015	PRRSV	Disease	PRRSV
117	0	PRRSV	Disease	PRRSV
123-D21	0	Disease	Disease	BARO
129-D21	0.767440543601358	Disease	Disease	BARO
2714-D21	0	Disease	Disease	BARO
334-D21	3.62593516209475	Disease	Disease	BARO
351-D21	0.0133689839572192	Disease	Disease	BARO
358-D21	0	Disease	Disease	BARO
41	0	PRRSV	Disease	PRRSV
42	0	PRRSV	Disease	PRRSV
508-D21	1.02933333333334	Disease	Disease	BARO
516-D21	0.493106244931063	Disease	Disease	BARO
554-D21	0	Disease	Disease	BARO
6-D21	0.0565693430656933	Disease	Disease	BARO
61	0	PRRSV	Disease	PRRSV
629-D21	19.3547008547009	Disease	Disease	BARO
63	0	Disease	Disease	PRRSV
71	0.109238814642649	PRRSV	Disease	PRRSV
72	0.325851011346818	PRRSV	Disease	PRRSV
73	0	PRRSV	Disease	PRRSV
75-D21	0	Disease	Disease	BARO
76	0	PRRSV	Disease	PRRSV
81	13.3243512974052	PRRSV	Disease	PRRSV
82	0.0427807486631015	PRRSV	Disease	PRRSV
83	0.0136857008022652	PRRSV	Disease	PRRSV
831-D21	2.38454784899034	Disease	Disease	BARO
84	3.56631631631633	PRRSV	Disease	PRRSV
85	4.86690647482014	PRRSV	Disease	PRRSV
86	0	PRRSV	Disease	PRRSV
861-D21	2.8602564102564	Disease	Disease	BARO
87	0	PRRSV	Disease	PRRSV
88	3.86349848331648	PRRSV	Disease	PRRSV
889-D21	0	Disease	Disease	BARO
90	0	PRRSV	Disease	PRRSV
92	0.0468306527909177	PRRSV	Disease	PRRSV
93	0	PRRSV	Disease	PRRSV
94	0.668235294117647	PRRSV	Disease	PRRSV
95	0.533239038189533	PRRSV	Disease	PRRSV
96	0	PRRSV	Disease	PRRSV
98	0	PRRSV	Disease	PRRSV
99	0	PRRSV	Disease	PRRSV
COL-26	0	Streptococcus	Disease	COL
COL-33	0	Streptococcus	Disease	COL
COL-38	0	Streptococcus	Disease	COL
COL-42	0	Streptococcus	Disease	COL
COL-46	0.000465386852821407	Streptococcus	Disease	COL
COL-51	0	Streptococcus	Disease	COL
COL-67	0.00149172769189043	Streptococcus	Disease	COL
COL-71	0	Streptococcus	Disease	COL
EJ11	0	Glasser	Disease	EJ
EJ19	0	Glasser	Disease	EJ
EJ25	0	Glasser	Disease	EJ
EJ5	0	Glasser	Disease	EJ
EJ7	0	Glasser	Disease	EJ
GE266	0.778548045445794	Mycoplasma	Disease	GE
GE268	1.42713679982147	Mycoplasma	Disease	GE
GE272	1.07767877541695	Mycoplasma	Disease	GE
GE275	0.207034521261747	Mycoplasma	Disease	GE
GE276	1.17653035306071	Mycoplasma	Disease	GE
GE278	0	Mycoplasma	Disease	GE
GE279	0.00131220839813374	Mycoplasma	Disease	GE
GE280	2.99265106151333	Mycoplasma	Disease	GE
GE281	0	Mycoplasma	Disease	GE
GE286	0.294167514411664	Mycoplasma	Disease	GE
MC1518	0.383259911894273	Glasser	Disease	MC
MC2023	0.507894736842106	Glasser	Disease	MC
MC2029	0.159675881792183	Glasser	Disease	MC
MC2035	0.3678786143716	Glasser	Disease	MC
MC2038	1.40963855421687	Glasser	Disease	MC
MC6060	13.4155405405405	Glasser	Disease	MC
MC6062	13.5492063492063	Glasser	Disease	MC
MC6081	0.57619359058208	Glasser	Disease	MC
MC6094	0.488760436737316	Glasser	Disease	MC
MC6095	17.4796116504855	Glasser	Disease	MC
MT225	0.820107051431231	Glasser	Disease	MT
MT251	1.42514263230376	Glasser	Disease	MT
MT257	2.87076508862463	Glasser	Disease	MT
MTT5	2.54388477088949	Glasser	Disease	MT
MTT7	0.0124026077277787	Glasser	Disease	MT
MTT9	5.27829698857734	Glasser	Disease	MT
RM307	1.93953154875717	Mycoplasma	Disease	RM
RM315	0.00203570310053242	Mycoplasma	Disease	RM
RM318	1.37834435001574	Mycoplasma	Disease	RM
RM322	0.410089814637876	Mycoplasma	Disease	RM
RM326	0	Mycoplasma	Disease	RM
RM327	0	Mycoplasma	Disease	RM
RM330	0.632282282282283	Mycoplasma	Disease	RM
RM334	0.000471549827098397	Mycoplasma	Disease	RM
RM338	4.95700725851481	Mycoplasma	Disease	RM
RM339	1.83298995621942	Mycoplasma	Disease	RM
