ID	Rel_abS_Df	Rel_abG_Df	Pathogen	State	Farm
100	0.00782713170076681	0.0605145058129263	PRRSV	Disease	PRRSV
101	0.00679028639303154	0.0773987066121156	PRRSV	Disease	PRRSV
103	0.00505394310704045	0.00376467190626483	PRRSV	Disease	PRRSV
104	0.0356990899420872	0.0125103415671906	PRRSV	Disease	PRRSV
105	0.00208864875681625	0.113662514382911	PRRSV	Disease	PRRSV
106	0.0141019280563805	0.0109349408398633	PRRSV	Disease	PRRSV
107	0.0325698288477445	0.0250174969777947	PRRSV	Disease	PRRSV
108	0.0105523349910249	0.0145719918782921	PRRSV	Disease	PRRSV
110	0.0120524971891517	0.0106654617672092	PRRSV	Disease	PRRSV
111	0.0137716904123995	0.134862408293062	PRRSV	Disease	PRRSV
112	0.00731265400782722	0.0480431946658936	PRRSV	Disease	PRRSV
112-D21	0.0462551713641332	0.238290924688334	Disease	Disease	BARO
113	0.00408177226447148	0.0312175767042539	PRRSV	Disease	PRRSV
115	0.033264454438637	0.0467160974028605	PRRSV	Disease	PRRSV
116	0.00623227696238821	0.022202486678508	PRRSV	Disease	PRRSV
117	0.021751458198315	0.4453125	PRRSV	Disease	PRRSV
123-D21	0	0	Disease	Disease	BARO
129-D21	0.136140426614451	0.0136140426614451	Disease	Disease	BARO
2714-D21	0	0	Disease	Disease	BARO
334-D21	0.0103648370962948	0.267534280212466	Disease	Disease	BARO
351-D21	0.0107942738397599	0.255454860309397	Disease	Disease	BARO
358-D21	0	0	Disease	Disease	BARO
41	0.0225201805992612	0.13249418525106	PRRSV	Disease	PRRSV
42	0.0480704555902349	0.0140378892356827	PRRSV	Disease	PRRSV
508-D21	0.125714477279203	0.150790325013829	Disease	Disease	BARO
516-D21	0.0216498103666245	0.373367045933418	Disease	Disease	BARO
554-D21	0	0	Disease	Disease	BARO
6-D21	0.0230416684186183	0.216094479249884	Disease	Disease	BARO
61	0.0054507317120651	0.0662117901273622	PRRSV	Disease	PRRSV
629-D21	0.016745555476042	0.133085251029985	Disease	Disease	BARO
63	0.0260162601626016	0.0319440156426881	PRRSV	Disease	PRRSV
71	0.0153455193936692	0.00175657601426661	PRRSV	Disease	PRRSV
72	0.0242362647217074	0.0495785257368327	PRRSV	Disease	PRRSV
73	0.0230302138753361	0.0525330783501279	PRRSV	Disease	PRRSV
75-D21	0	0	Disease	Disease	BARO
76	0.0585054848892084	0.0569636736777406	PRRSV	Disease	PRRSV
81	0.0153780042358575	0.139537739034347	PRRSV	Disease	PRRSV
82	0.0182593412316105	0.0778001996267847	PRRSV	Disease	PRRSV
83	0.0486852232650576	0.248756447518064	PRRSV	Disease	PRRSV
831-D21	0.0365767501605652	0.157225433526012	Disease	Disease	BARO
84	0.0460713668069407	0.189047097480832	PRRSV	Disease	PRRSV
85	0.00704600177417311	0.167570650107718	PRRSV	Disease	PRRSV
86	0.0106399422918384	0.117812242374279	PRRSV	Disease	PRRSV
861-D21	0.0398915767401422	0.319899759627679	Disease	Disease	BARO
87	0.0178526427481928	0.0623648783075801	PRRSV	Disease	PRRSV
88	0.0243752156553458	0.0900207029131956	PRRSV	Disease	PRRSV
889-D21	0	0	Disease	Disease	BARO
90	0.00590805626840356	0.0740493199745266	PRRSV	Disease	PRRSV
92	0.0118996690158287	0.0375565712741765	PRRSV	Disease	PRRSV
93	0.00633510565455812	0.165879740165403	PRRSV	Disease	PRRSV
94	0.0033847281067822	0.357363575547131	PRRSV	Disease	PRRSV
95	0.00554118661337095	0.169017948115056	PRRSV	Disease	PRRSV
96	0.015135316315975	0.225070648813273	PRRSV	Disease	PRRSV
98	0.0117679125879927	0.0887037519850205	PRRSV	Disease	PRRSV
99	0.00561525259309007	0.0532422953510932	PRRSV	Disease	PRRSV
COL-26	0.122475264598737	0.000355672436463969	Streptococcus	Disease	COL
COL-33	0.0176110550705732	0.000235117444955972	Streptococcus	Disease	COL
COL-38	0.0808745255947422	0.000665324446912895	Streptococcus	Disease	COL
COL-42	0.0638769902896053	0	Streptococcus	Disease	COL
COL-46	0.0431159892849618	0.0010032807279805	Streptococcus	Disease	COL
COL-51	0.0729200409732011	0.000411483002250024	Streptococcus	Disease	COL
COL-67	0.0620091155249836	0.0011604635126726	Streptococcus	Disease	COL
COL-71	0.0713036549526057	0.000155221656525518	Streptococcus	Disease	COL
EJ11	3.98105020104303E-05	0	Glasser	Disease	EJ
EJ19	0	0	Glasser	Disease	EJ
EJ25	8.11655371129418E-05	0	Glasser	Disease	EJ
EJ5	0	0	Glasser	Disease	EJ
EJ7	0	0	Glasser	Disease	EJ
GE266	0.0334146231605227	0.243702183243142	Mycoplasma	Disease	GE
GE268	0.0542286048528611	0.11112769519353	Mycoplasma	Disease	GE
GE272	0.108364383595558	0.0715909700473284	Mycoplasma	Disease	GE
GE275	0.0508822847078542	0.0454517477617382	Mycoplasma	Disease	GE
GE276	0.0374364094518138	0.234693101316978	Mycoplasma	Disease	GE
GE278	0.0600276416635256	0.0190476190476191	Mycoplasma	Disease	GE
GE279	0.0770581868705972	0.00669989776008449	Mycoplasma	Disease	GE
GE280	0.0173857904051637	0.0127246571582703	Mycoplasma	Disease	GE
GE281	0.101931340786956	0.00878668730352525	Mycoplasma	Disease	GE
GE286	0.0375764525993884	0.17025993883792	Mycoplasma	Disease	GE
MC1518	0.0149199776528969	0.0223142397055441	Glasser	Disease	MC
MC2023	0.00866946523088155	0.013722850885198	Glasser	Disease	MC
MC2029	0.0305241334157786	0.015916778816426	Glasser	Disease	MC
MC2035	0.0183636239373755	0.0282104798305058	Glasser	Disease	MC
MC2038	0.00873040917218891	0.0319238455874619	Glasser	Disease	MC
MC6060	0.0132967970890796	0.0203157989308656	Glasser	Disease	MC
MC6062	0.0100847869121877	0.010410274743745	Glasser	Disease	MC
MC6081	0.0199665700331688	0.0295254511739664	Glasser	Disease	MC
MC6094	0.00732864525967974	0.014299566023704	Glasser	Disease	MC
MC6095	0.00801157400205345	0.0290594567686133	Glasser	Disease	MC
MT225	0.0283245224315452	0.121023558725429	Glasser	Disease	MT
MT251	0.0117881427471498	0.356865555339103	Glasser	Disease	MT
MT257	0.026290642253787	0.150777452692181	Glasser	Disease	MT
MTT5	0.016691669490322	0.00379189964752345	Glasser	Disease	MT
MTT7	0.0257276688007527	0.0686902984311399	Glasser	Disease	MT
MTT9	0.0197416974169742	0.159963099630996	Glasser	Disease	MT
RM307	0.0308160281645535	0.245869039245508	Mycoplasma	Disease	RM
RM315	0.0243253023521569	0.0774021521759832	Mycoplasma	Disease	RM
RM318	0.0305866042803916	0.16886655306203	Mycoplasma	Disease	RM
RM322	0.0218537017239075	0.165905218495256	Mycoplasma	Disease	RM
RM326	0.0263701912640392	0.0862575101276095	Mycoplasma	Disease	RM
RM327	0.0210854840500627	0.1249345663933	Mycoplasma	Disease	RM
RM330	0.0555977593936004	0.246508444014058	Mycoplasma	Disease	RM
RM334	0.0268639448026585	0.146202015851501	Mycoplasma	Disease	RM
RM338	0.0161331003296881	0.251846613940584	Mycoplasma	Disease	RM
RM339	0.0288716057460667	0.194018975106326	Mycoplasma	Disease	RM
