Sample	Streptococcus	Health_status	State	Farm
1-D22	0.0610221872357795	Healthy	Healthy	IRTA
10-D22	0.136864375866346	Healthy	Healthy	IRTA
11-D22	0.0482664853840925	Healthy	Healthy	IRTA
111L	0	Healthy	Healthy	farm-ASN
112L	0	Healthy	Healthy	farm-ASN
114L	0	Healthy	Healthy	farm-ASN
12-D22	0.117541451050797	Healthy	Healthy	IRTA
13-D22	0.0118489942132819	Healthy	Healthy	IRTA
19-D22	0.102822053828064	Healthy	Healthy	IRTA
2-D22	0.0637014171460643	Healthy	Healthy	IRTA
2-D22-B	0.059445178335535	Healthy	Healthy	IRTA
20-D22	0.0407647440051847	Healthy	Healthy	IRTA
204	0	Healthy	Healthy	farm-ASN
21-D22	0.0182098765432099	Healthy	Healthy	IRTA
28-D22	0.0260094725856948	Healthy	Healthy	IRTA
29-D22	0.0175726720315323	Healthy	Healthy	IRTA
369	0	Healthy	Healthy	farm-ASN
37-D24	0.115450496745461	Healthy	Healthy	IRTA
38-D24	0.0593739916101968	Healthy	Healthy	IRTA
39-D24	0.0890322580645161	Healthy	Healthy	IRTA
4-D22	0.00554382259767688	Healthy	Healthy	IRTA
400	0	Healthy	Healthy	farm-ASN
405	0	Healthy	Healthy	farm-ASN
42-D24	0.109311170587407	Healthy	Healthy	IRTA
43-D24	0.115184004636337	Healthy	Healthy	IRTA
443N-DNA	0.0236425243540872	Healthy	Healthy	farmG3
448N-DNA	0.0222408310155417	Healthy	Healthy	farmG3
45-D24	0.0327680734412852	Healthy	Healthy	IRTA
452N-DNA	0.0174777361263241	Healthy	Healthy	farmG3
455	0	Healthy	Healthy	farm-ASN
456	0	Healthy	Healthy	farm-ASN
456N-DNA	0.022235335313266	Healthy	Healthy	farmG3
460N-DNA	0.0146373409539362	Healthy	Healthy	farmG3
464N-DNA	0.0378357367745948	Healthy	Healthy	farmG3
47-D24	0.042372540340429	Healthy	Healthy	IRTA
48-D24	0.109613889608707	Healthy	Healthy	IRTA
480N-DNA	0.0184437088969394	Healthy	Healthy	farmG3
484N-DNA	0.0421686746987952	Healthy	Healthy	farmG3
50-D24	0.0636862083509068	Healthy	Healthy	IRTA
51-D24	0.159922312911791	Healthy	Healthy	IRTA
54-D24	0.0525023921454424	Healthy	Healthy	IRTA
556	0	Healthy	Healthy	farm-ASN
557	0	Healthy	Healthy	farm-ASN
570	0	Healthy	Healthy	farm-ASN
571	0	Healthy	Healthy	farm-ASN
577N-DNA	0.0614272506799941	Healthy	Healthy	farmFD2
578N-DNA	0.0755860683188212	Healthy	Healthy	farmFD2
579N-DNA	0.149278633318491	Healthy	Healthy	farmFD2
580N-DNA	0.0782600403956345	Healthy	Healthy	farmFD2
581N-DNA	0.085580229226361	Healthy	Healthy	farmFD2
583N-DNA	0.0766450673265591	Healthy	Healthy	farmFD2
584N-DNA	0.0662893723616459	Healthy	Healthy	farmFD2
585N-DNA	0.081309060503778	Healthy	Healthy	farmFD2
6-D22	0.0411556282365767	Healthy	Healthy	IRTA
639	0	Healthy	Healthy	farm-ASN
642	0.5	Healthy	Healthy	farm-ASN
652	0	Healthy	Healthy	farm-ASN
654	0	Healthy	Healthy	farm-ASN
667	0	Healthy	Healthy	farm-ASN
669	0	Healthy	Healthy	farm-ASN
682N-DNA	0.0147846828523356	Healthy	Healthy	farmFD1
683N-DNA	0.0502022286421791	Healthy	Healthy	farmFD1
684N-DNA	0.0479115059949093	Healthy	Healthy	farmFD1
687N-DNA	0.0424116359330326	Healthy	Healthy	farmFD1
689N-DNA	0.0168882500898311	Healthy	Healthy	farmFD1
690N-DNA	0.0633618130236854	Healthy	Healthy	farmFD1
691N-DNA	0.0276148072764279	Healthy	Healthy	farmFD1
694N-DNA	0.0304801150997353	Healthy	Healthy	farmFD1
7-D22	0.01277609354699	Healthy	Healthy	IRTA
C10-D15	0.0270487115121858	Healthy	Healthy	P3
C12-D15	0	Healthy	Healthy	P3
C13-D15	0	Healthy	Healthy	P3
C14-D15	0.030906607450302	Healthy	Healthy	P3
C8-D15	0	Healthy	Healthy	P3
C9-D15	0	Healthy	Healthy	P3
D1-D15	0	Healthy	Healthy	P3
D2-D15	0.040273556231003	Healthy	Healthy	P3
D5-D15	0	Healthy	Healthy	P3
D6-D15	0	Healthy	Healthy	P3
DNA1-NS-Deep	0.0414504138027774	Healthy	Healthy	cresa
DNA1-NS-External	0.0359297860669227	Healthy	Healthy	cresa
DNA1-NS-Middle	0.0496539827915477	Healthy	Healthy	cresa
DNA1-NS-Standard	0.0886926598058631	Healthy	Healthy	cresa
DNA2-NS-Deep	0.031439284684165	Healthy	Healthy	cresa
DNA2-NS-External	0.0605091790203436	Healthy	Healthy	cresa
DNA2-NS-Middle	0.278727039726613	Healthy	Healthy	cresa
DNA2-NS-Standard	0.0491061326091876	Healthy	Healthy	cresa
DNA3-NS-Deep	0.184842583576761	Healthy	Healthy	cresa
DNA3-NS-External	0.272268907563025	Healthy	Healthy	cresa
DNA3-NS-Middle	0.10095165828828	Healthy	Healthy	cresa
DNA3-NS-Standard	0.0709948170495861	Healthy	Healthy	cresa
DNA4-NS-Deep	0.349616657589342	Healthy	Healthy	cresa
DNA4-NS-External	0.111637495292275	Healthy	Healthy	cresa
DNA4-NS-Middle	0.0301960585127997	Healthy	Healthy	cresa
DNA4-NS-Standard	0.153998158668852	Healthy	Healthy	cresa
DNA5-NS-Deep	0.099883855981417	Healthy	Healthy	cresa
DNA5-NS-External	0.0243647341272671	Healthy	Healthy	cresa
DNA5-NS-Middle	0.0221622327687552	Healthy	Healthy	cresa
DNA5-NS-Standard	0.0149189768313915	Healthy	Healthy	cresa
GM1	0.0219102924021587	Healthy	Healthy	GM
GM10	0.0401137763932978	Healthy	Healthy	GM
GM2	0.0194179184014271	Healthy	Healthy	GM
GM3	0.0156198185896811	Healthy	Healthy	GM
GM4	0.0307398581453822	Healthy	Healthy	GM
GM5	0.0458908744580065	Healthy	Healthy	GM
GM6	0.0544251214532141	Healthy	Healthy	GM
GM7	0.0591022430962712	Healthy	Healthy	GM
GM8	0.0709257647413134	Healthy	Healthy	GM
GM9	0.054739646296155	Healthy	Healthy	GM
GW-10	0.00176146553932872	Healthy	Healthy	GW
GW-3	0.00616413122590732	Healthy	Healthy	GW
GW-4	0.00964982330972681	Healthy	Healthy	GW
GW-5	0.0054284277552603	Healthy	Healthy	GW
GW-6	0.00547596552455508	Healthy	Healthy	GW
GW-7	0.00551811422243316	Healthy	Healthy	GW
GW-8	0.00547547779495367	Healthy	Healthy	GW
GW-9	0.00182774131526164	Healthy	Healthy	GW
KD1	0.00269872423945044	Healthy	Healthy	KD
KD3	0.00417202857646425	Healthy	Healthy	KD
KD5	0.0125593593905838	Healthy	Healthy	KD
KD7	0.00311191638772021	Healthy	Healthy	KD
KD9	0.0125792194910773	Healthy	Healthy	KD
LG1	5.46358520461127E-05	Healthy	Healthy	LG
LG3	0	Healthy	Healthy	LG
LG5	0	Healthy	Healthy	LG
LG7	0	Healthy	Healthy	LG
LG9	7.87724107508586E-05	Healthy	Healthy	LG
MC1701	0	Healthy	Healthy	MC
MC1702	0	Healthy	Healthy	MC
MC1703	0	Healthy	Healthy	MC
MC1704	0	Healthy	Healthy	MC
MC1705	0	Healthy	Healthy	MC
MC4594	0	Healthy	Healthy	MC
MC4600	0	Healthy	Healthy	MC
MC6099	0	Healthy	Healthy	MC
MC6100	0	Healthy	Healthy	MC
MC6197	0	Healthy	Healthy	MC
MG-1	0.00845939313204133	Healthy	Healthy	MT
MG-10	0.0174882875509222	Healthy	Healthy	MT
MG-13	0.0127819369035375	Healthy	Healthy	MT
MG-14	0.00560226553155562	Healthy	Healthy	MT
MG-15	0.00986362696317563	Healthy	Healthy	MT
MG-16	0.0165375277648639	Healthy	Healthy	MT
MG-2	0.00678795786539917	Healthy	Healthy	MT
MG-20	0.0235533417067117	Healthy	Healthy	MT
MG-5	0.0115752805481695	Healthy	Healthy	MT
MG-6	0.00962938282499917	Healthy	Healthy	MT
MG-9	0.01006315467803	Healthy	Healthy	MT
MGT-19	0.00909601073563499	Healthy	Healthy	MT
MT1	0	Healthy	Healthy	MT
MT2	0	Healthy	Healthy	MT
MT3	0	Healthy	Healthy	MT
MT5	0	Healthy	Healthy	MT
MT6	0	Healthy	Healthy	MT
MT7	0	Healthy	Healthy	MT
MT8	0	Healthy	Healthy	MT
MT9	0	Healthy	Healthy	MT
PRAT11	0.0310063247914007	Healthy	Healthy	PT
PRAT6	0.0345947958851185	Healthy	Healthy	PT
PRAT7	0.050250782516876	Healthy	Healthy	PT
PRAT8	0.119896971682101	Healthy	Healthy	PT
PRAT9	0.161476727247316	Healthy	Healthy	PT
VL1	0	Healthy	Healthy	VL
VL3	0	Healthy	Healthy	VL
VL5	3.44998102510436E-05	Healthy	Healthy	VL
VL7	0	Healthy	Healthy	VL
VL9	2.34666499792711E-05	Healthy	Healthy	VL
100	0.00782713170076681	PRRSV	Disease	PRRSV
101	0.00679028639303154	PRRSV	Disease	PRRSV
103	0.00505394310704045	PRRSV	Disease	PRRSV
104	0.0356990899420872	PRRSV	Disease	PRRSV
105	0.00208864875681625	PRRSV	Disease	PRRSV
106	0.0141019280563805	PRRSV	Disease	PRRSV
107	0.0325698288477445	PRRSV	Disease	PRRSV
108	0.0105523349910249	PRRSV	Disease	PRRSV
110	0.0120524971891517	PRRSV	Disease	PRRSV
111	0.0137716904123995	PRRSV	Disease	PRRSV
112	0.00731265400782722	PRRSV	Disease	PRRSV
112-D21	0.0462551713641332	PRRSV	Disease	BARO
113	0.00408177226447148	PRRSV	Disease	PRRSV
115	0.033264454438637	PRRSV	Disease	PRRSV
116	0.00623227696238821	PRRSV	Disease	PRRSV
117	0.021751458198315	PRRSV	Disease	PRRSV
123-D21	0	Disease	Disease	BARO
129-D21	0.136140426614451	Disease	Disease	BARO
2714-D21	0	Disease	Disease	BARO
334-D21	0.0103648370962948	Disease	Disease	BARO
351-D21	0.0107942738397599	Disease	Disease	BARO
358-D21	0	Disease	Disease	BARO
41	0.0225201805992612	PRRSV	Disease	PRRSV
42	0.0480704555902349	PRRSV	Disease	PRRSV
508-D21	0.125714477279203	Disease	Disease	BARO
516-D21	0.0216498103666245	Disease	Disease	BARO
554-D21	0	Disease	Disease	BARO
6-D21	0.0230416684186183	Disease	Disease	BARO
61	0.0054507317120651	PRRSV	Disease	PRRSV
629-D21	0.016745555476042	Disease	Disease	BARO
63	0.0260162601626016	PRRSV	Disease	PRRSV
71	0.0153455193936692	PRRSV	Disease	PRRSV
72	0.0242362647217074	PRRSV	Disease	PRRSV
73	0.0230302138753361	PRRSV	Disease	PRRSV
75-D21	0	Disease	Disease	BARO
76	0.0585054848892084	PRRSV	Disease	PRRSV
81	0.0153780042358575	PRRSV	Disease	PRRSV
82	0.0182593412316105	PRRSV	Disease	PRRSV
83	0.0486852232650576	PRRSV	Disease	PRRSV
831-D21	0.0365767501605652	Disease	Disease	BARO
84	0.0460713668069407	PRRSV	Disease	PRRSV
85	0.00704600177417311	PRRSV	Disease	PRRSV
86	0.0106399422918384	PRRSV	Disease	PRRSV
861-D21	0.0398915767401422	Disease	Disease	BARO
87	0.0178526427481928	PRRSV	Disease	PRRSV
88	0.0243752156553458	PRRSV	Disease	PRRSV
889-D21	0	Disease	Disease	BARO
90	0.00590805626840356	PRRSV	Disease	PRRSV
92	0.0118996690158287	PRRSV	Disease	PRRSV
93	0.00633510565455812	PRRSV	Disease	PRRSV
94	0.0033847281067822	PRRSV	Disease	PRRSV
95	0.00554118661337095	PRRSV	Disease	PRRSV
96	0.015135316315975	PRRSV	Disease	PRRSV
98	0.0117679125879927	PRRSV	Disease	PRRSV
99	0.00561525259309007	PRRSV	Disease	PRRSV
COL-26	0.122475264598737	Streptococcus	Disease	COL
COL-33	0.0176110550705732	Streptococcus	Disease	COL
COL-38	0.0808745255947422	Streptococcus	Disease	COL
COL-42	0.0638769902896053	Streptococcus	Disease	COL
COL-46	0.0431159892849618	Streptococcus	Disease	COL
COL-51	0.0729200409732011	Streptococcus	Disease	COL
COL-67	0.0620091155249836	Streptococcus	Disease	COL
COL-71	0.0713036549526057	Streptococcus	Disease	COL
EJ11	3.98105020104303E-05	Glasser	Disease	EJ
EJ19	0	Glasser	Disease	EJ
EJ25	8.11655371129418E-05	Glasser	Disease	EJ
EJ5	0	Glasser	Disease	EJ
EJ7	0	Glasser	Disease	EJ
GE266	0.0334146231605227	Mycoplasma	Disease	GE
GE268	0.0542286048528611	Mycoplasma	Disease	GE
GE272	0.108364383595558	Mycoplasma	Disease	GE
GE275	0.0508822847078542	Mycoplasma	Disease	GE
GE276	0.0374364094518138	Mycoplasma	Disease	GE
GE278	0.0600276416635256	Mycoplasma	Disease	GE
GE279	0.0770581868705972	Mycoplasma	Disease	GE
GE280	0.0173857904051637	Mycoplasma	Disease	GE
GE281	0.101931340786956	Mycoplasma	Disease	GE
GE286	0.0375764525993884	Mycoplasma	Disease	GE
MC1518	0.0149199776528969	Glasser	Disease	MC
MC2023	0.00866946523088155	Glasser	Disease	MC
MC2029	0.0305241334157786	Glasser	Disease	MC
MC2035	0.0183636239373755	Glasser	Disease	MC
MC2038	0.00873040917218891	Glasser	Disease	MC
MC6060	0.0132967970890796	Glasser	Disease	MC
MC6062	0.0100847869121877	Glasser	Disease	MC
MC6081	0.0199665700331688	Glasser	Disease	MC
MC6094	0.00732864525967974	Glasser	Disease	MC
MC6095	0.00801157400205345	Glasser	Disease	MC
MT225	0.0283245224315452	Glasser	Disease	MT
MT251	0.0117881427471498	Glasser	Disease	MT
MT257	0.026290642253787	Glasser	Disease	MT
MTT5	0.016691669490322	Glasser	Disease	MT
MTT7	0.0257276688007527	Glasser	Disease	MT
MTT9	0.0197416974169742	Glasser	Disease	MT
RM307	0.0308160281645535	Mycoplasma	Disease	RM
RM315	0.0243253023521569	Mycoplasma	Disease	RM
RM318	0.0305866042803916	Mycoplasma	Disease	RM
RM322	0.0218537017239075	Mycoplasma	Disease	RM
RM326	0.0263701912640392	Mycoplasma	Disease	RM
RM327	0.0210854840500627	Mycoplasma	Disease	RM
RM330	0.0555977593936004	Mycoplasma	Disease	RM
RM334	0.0268639448026585	Mycoplasma	Disease	RM
RM338	0.0161331003296881	Mycoplasma	Disease	RM
RM339	0.0288716057460667	Mycoplasma	Disease	RM
